,Country,Year,Value(Imports),Share,Growth
0,AFGHANISTAN,2020,529.84,0.1116,21.68
1,ALBANIA,2020,47.51,0.01,110.06
2,ALGERIA,2020,1996.76,0.4206,17.67
3,AMERI SAMOA,2020,3.08,0.0006,617139.67
4,ANDORRA,2020,0.03,0.0,-13.17
5,ANGOLA,2020,3649.02,0.7687,-9.4
6,ANGUILLA,2020,0.1,0.0,-49.51
7,ANTARTICA,2020,0.08,0.0,138.28
8,ANTIGUA,2020,0.2,0.0,30.0
9,ARGENTINA,2020,2327.26,0.4902,19.04
10,ARMENIA,2020,1.56,0.0003,71.55
11,ARUBA,2020,0.3,0.0001,-44.38
12,AUSTRALIA,2020,9782.22,2.0607,-25.5
13,AUSTRIA,2020,629.74,0.1327,-12.1
14,AZERBAIJAN,2020,273.91,0.0577,85.23
15,BAHAMAS,2020,14.7,0.0031,-62.52
16,BAHARAIN IS,2020,421.5,0.0888,-21.89
17,BANGLADESH PR,2020,1264.74,0.2664,21.05
18,BARBADOS,2020,1.48,0.0003,-15.09
19,BELARUS,2020,147.44,0.0311,-35.1
20,BELGIUM,2020,8879.46,1.8705,-15.19
21,BELIZE,2020,0.96,0.0002,46.26
22,BENIN,2020,358.94,0.0756,-4.49
23,BERMUDA,2020,0.0,0.0,-100.0
24,BHUTAN,2020,405.73,0.0855,9.37
25,BOLIVIA,2020,845.88,0.1782,-0.74
26,BOSNIA-HRZGOVIN,2020,3.33,0.0007,35.49
27,BOTSWANA,2020,744.0,0.1567,-23.65
28,BR VIRGN IS,2020,8.57,0.0018,-49.08
29,BRAZIL,2020,3074.97,0.6478,-30.22
30,BRUNEI,2020,586.28,0.1235,-0.82
31,BULGARIA,2020,144.06,0.0303,14.64
32,BURKINA FASO,2020,542.67,0.1143,-38.42
33,BURUNDI,2020,3.83,0.0008,-15.92
34,C AFRI REP,2020,0.56,0.0001,-72.15
35,CAMBODIA,2020,46.69,0.0098,9.53
36,CAMEROON,2020,676.36,0.1425,97.07
37,CANADA,2020,3880.33,0.8174,10.38
38,CAPE VERDE IS,2020,2.04,0.0004,-29.71
39,CAYMAN IS,2020,1.44,0.0003,511.55
40,CHAD,2020,270.75,0.057,-43.14
41,CHILE,2020,1175.67,0.2477,-5.0
42,CHINA P RP,2020,65260.75,13.7475,-7.19
43,CHRISTMAS IS.,2020,0.01,0.0,
44,COCOS IS,2020,0.0,,
45,COLOMBIA,2020,810.95,0.1708,-23.13
46,COMOROS,2020,19.65,0.0041,-39.34
47,CONGO D. REP.,2020,32.13,0.0068,68.96
48,CONGO P REP,2020,587.5,0.1238,44.83
49,COOK IS,2020,0.0,,
50,COSTA RICA,2020,48.71,0.0103,-3.66
51,COTE D' IVOIRE,2020,454.88,0.0958,-24.57
52,CROATIA,2020,57.18,0.012,46.91
53,CUBA,2020,3.53,0.0007,-7.1
54,CYPRUS,2020,74.43,0.0157,-81.1
55,CZECH REPUBLIC,2020,299.42,0.0631,15.68
56,DENMARK,2020,632.4,0.1332,17.7
57,DJIBOUTI,2020,19.54,0.0041,23.48
58,DOMINIC REP,2020,361.11,0.0761,-36.26
59,DOMINICA,2020,0.25,0.0001,-20.23
60,ECUADOR,2020,361.6,0.0762,64.92
61,EGYPT A RP,2020,2031.38,0.4279,21.07
62,EL SALVADOR,2020,3.2,0.0007,-23.66
63,EQUTL GUINEA,2020,972.88,0.2049,53.42
64,ERITREA,2020,0.0,0.0,-91.31
65,ESTONIA,2020,54.06,0.0114,-50.04
66,ETHIOPIA,2020,98.55,0.0208,79.16
67,FALKLAND IS,2020,0.03,0.0,
68,FAROE IS.,2020,0.0,,
69,FIJI IS,2020,0.57,0.0001,-19.45
70,FINLAND,2020,625.65,0.1318,-44.34
71,FR GUIANA,2020,2.9,0.0006,59.42
72,FR POLYNESIA,2020,0.05,0.0,436.4
73,FRANCE,2020,6168.82,1.2995,-7.45
74,GABON,2020,138.4,0.0292,-69.65
75,GAMBIA,2020,40.95,0.0086,-9.1
76,GEORGIA,2020,11.4,0.0024,-48.62
77,GERMANY,2020,13691.11,2.8841,-9.7
78,GHANA,2020,1773.55,0.3736,-52.87
79,GIBRALTAR,2020,1.01,0.0002,3130.13
80,GREECE,2020,123.71,0.0261,-14.1
81,GRENADA,2020,0.48,0.0001,-0.02
82,GUADELOUPE,2020,0.2,0.0,-46.22
83,GUAM,2020,0.0,0.0,-33.13
84,GUATEMALA,2020,22.95,0.0048,41.0
85,GUINEA,2020,416.3,0.0877,0.49
86,GUINEA BISSAU,2020,124.54,0.0262,0.6
87,GUYANA,2020,6.95,0.0015,8.37
88,HAITI,2020,13.94,0.0029,1.36
89,HONDURAS,2020,19.32,0.0041,5.86
90,HONG KONG,2020,16935.32,3.5675,-5.85
91,HUNGARY,2020,187.68,0.0395,-22.17
92,ICELAND,2020,10.41,0.0022,20.12
93,INDONESIA,2020,15061.87,3.1729,-4.97
94,IRAN,2020,1397.33,0.2944,-89.67
95,IRAQ,2020,23740.18,5.001,6.11
96,IRELAND,2020,604.15,0.1273,42.99
97,ISRAEL,2020,1592.7,0.3355,-17.54
98,ITALY,2020,4490.92,0.946,-15.14
99,JAMAICA,2020,2.96,0.0006,-40.94
100,JAPAN,2020,12434.67,2.6194,-2.65
101,JERSEY,2020,0.14,0.0,174.93
102,JORDAN,2020,1064.66,0.2243,-4.62
103,KAZAKHSTAN,2020,2255.7,0.4752,218.25
104,KENYA,2020,89.62,0.0189,-34.64
105,KIRIBATI REP,2020,0.0,,
106,KOREA DP RP,2020,3.47,0.0007,15.11
107,KOREA RP,2020,15659.7,3.2988,-6.56
108,KUWAIT,2020,9573.8,2.0168,28.84
109,KYRGHYZSTAN,2020,1.33,0.0003,-48.74
110,LAO PD RP,2020,3.09,0.0007,198.87
111,LATVIA,2020,265.54,0.0559,67.59
112,LEBANON,2020,30.94,0.0065,-29.59
113,LESOTHO,2020,0.04,0.0,1864.52
114,LIBERIA,2020,7.75,0.0016,-94.51
115,LIBYA,2020,43.09,0.0091,-70.52
116,LIECHTENSTEIN,2020,0.42,0.0001,-88.43
117,LITHUANIA,2020,262.09,0.0552,23.55
118,LUXEMBOURG,2020,54.35,0.0114,-58.79
119,MACAO,2020,5.09,0.0011,-19.14
120,MACEDONIA,2020,14.51,0.0031,-39.73
121,MADAGASCAR,2020,119.24,0.0251,-59.32
122,MALAWI,2020,31.76,0.0067,39.29
123,MALAYSIA,2020,9782.28,2.0607,-9.58
124,MALDIVES,2020,6.0,0.0013,-70.61
125,MALI,2020,38.07,0.008,107.97
126,MALTA,2020,121.9,0.0257,178.55
127,MARSHALL ISLAND,2020,3.61,0.0008,603.73
128,MARTINIQUE,2020,0.29,0.0001,-64.23
129,MAURITANIA,2020,10.7,0.0023,-32.16
130,MAURITIUS,2020,27.89,0.0059,-61.04
131,MAYOTTE,2020,0.36,0.0001,91.23
132,MEXICO,2020,4296.8,0.9051,-22.96
133,MOLDOVA,2020,0.25,0.0001,-34.75
134,MONACO,2020,61.5,0.013,22392.75
135,MONGOLIA,2020,1.3,0.0003,28.29
136,MONTENEGRO,2020,0.16,0.0,24.94
137,MONTSERRAT,2020,0.0,,
138,MOROCCO,2020,952.54,0.2007,-28.2
139,MOZAMBIQUE,2020,835.07,0.1759,-23.91
140,MYANMAR,2020,547.25,0.1153,4.94
141,N. MARIANA IS.,2020,0.0,0.0,-98.1
142,NAMIBIA,2020,28.54,0.006,-46.69
143,NAURU RP,2020,0.07,0.0,-57.77
144,NEPAL,2020,711.61,0.1499,40.04
145,NETHERLAND,2020,3390.97,0.7143,-16.54
146,NETHERLANDANTIL,2020,22.76,0.0048,136.08
147,NEW CALEDONIA,2020,0.23,0.0,8.27
148,NEW ZEALAND,2020,521.83,0.1099,-17.27
149,NICARAGUA,2020,3.6,0.0008,-0.24
150,NIGER,2020,0.9,0.0002,38.73
151,NIGERIA,2020,10213.61,2.1515,-6.17
152,NORFOLK IS,2020,0.45,0.0001,208.13
153,NORWAY,2020,630.79,0.1329,72.12
154,OMAN,2020,3669.33,0.773,33.0
155,PAKISTAN IR,2020,13.97,0.0029,-97.18
156,PALAU,2020,0.0,0.0,-99.89
157,PANAMA REPUBLIC,2020,75.83,0.016,95.05
158,PAPUA N GNA,2020,55.7,0.0117,-37.39
159,PARAGUAY,2020,25.28,0.0053,20.52
160,PERU,2020,1575.09,0.3318,-34.52
161,PHILIPPINES,2020,523.83,0.1103,-9.86
162,PITCAIRN IS.,2020,0.02,0.0,-42.75
163,POLAND,2020,849.58,0.179,7.08
164,PORTUGAL,2020,141.82,0.0299,6.77
165,PUERTO RICO,2020,52.45,0.011,34.33
166,QATAR,2020,9685.98,2.0404,-9.66
167,REUNION,2020,18.52,0.0039,2.01
168,ROMANIA,2020,261.34,0.0551,-17.11
169,RUSSIA,2020,7093.01,1.4942,21.45
170,RWANDA,2020,4.1,0.0009,-38.55
171,SAMOA,2020,3.0,0.0006,9.12
172,SAN MARINO,2020,0.15,0.0,-28.98
173,SAO TOME,2020,0.0,,
174,SAUDI ARAB,2020,26857.37,5.6576,-5.69
175,SENEGAL,2020,469.47,0.0989,-28.76
176,SERBIA,2020,11.51,0.0024,-46.36
177,SEYCHELLES,2020,4.71,0.001,-10.74
178,SIERRA LEONE,2020,24.49,0.0052,108.86
179,SINGAPORE,2020,14746.78,3.1065,-9.43
180,SLOVAK REP,2020,54.84,0.0116,-4.49
181,SLOVENIA,2020,248.43,0.0523,-0.07
182,SOLOMON IS,2020,38.97,0.0082,-33.74
183,SOMALIA,2020,15.05,0.0032,-17.9
184,SOUTH AFRICA,2020,6969.79,1.4682,6.94
185,SOUTH SUDAN,2020,7.33,0.0015,-91.86
186,SPAIN,2020,1613.17,0.3398,-4.01
187,SRI LANKA DSR,2020,903.69,0.1904,-39.28
188,ST HELENA,2020,0.01,0.0,-79.75
189,ST KITT N A,2020,0.0,,
190,ST LUCIA,2020,0.61,0.0001,7.77
191,ST VINCENT,2020,0.0,,
192,STATE OF PALEST,2020,0.74,0.0002,-37.27
193,SUDAN,2020,396.75,0.0836,-46.57
194,SURINAME,2020,55.07,0.0116,-38.4
195,SWAZILAND,2020,7.03,0.0015,-26.76
196,SWEDEN,2020,1114.48,0.2348,-16.01
197,SWITZERLAND,2020,16899.89,3.56,-6.57
198,SYRIA,2020,15.34,0.0032,8.25
199,TAIWAN,2020,4046.23,0.8524,-11.6
200,TAJIKISTAN,2020,0.29,0.0001,-93.12
201,TANZANIA REP,2020,1023.47,0.2156,13.28
202,THAILAND,2020,6788.38,1.43,-8.78
203,TOGO,2020,383.54,0.0808,26.2
204,TOKELAU IS,2020,0.08,0.0,347.51
205,TONGA,2020,0.0,,
206,TRINIDAD,2020,84.42,0.0178,-56.79
207,TUNISIA,2020,131.13,0.0276,-4.89
208,TURKEY,2020,2116.56,0.4459,-11.38
209,TURKMENISTAN,2020,3.99,0.0008,-80.66
210,TURKS C IS,2020,0.01,0.0,
211,TUVALU,2020,0.0,,
212,U ARAB EMTS,2020,30256.65,6.3737,1.58
213,U K,2020,6712.63,1.4141,-11.23
214,U S A,2020,35819.87,7.5456,0.76
215,UGANDA,2020,33.98,0.0072,47.36
216,UKRAINE,2020,2060.79,0.4341,-11.97
217,UNSPECIFIED,2020,123.49,0.026,37.61
218,URUGUAY,2020,57.24,0.0121,33.23
219,US MINOR OUTLYING ISLANDS,2020,0.4,0.0001,403.43
220,UZBEKISTAN,2020,66.85,0.0141,-47.25
221,VANUATU REP,2020,0.26,0.0001,
222,VATICAN CITY,2020,0.18,0.0,105.33
223,VENEZUELA,2020,6057.01,1.2759,-16.56
224,VIETNAM SOC REP,2020,7283.42,1.5343,1.27
225,VIRGIN IS US,2020,7.5,0.0016,889.45
226,WALLIS F IS,2020,0.0,,
227,YEMEN REPUBLC,2020,22.73,0.0048,93.06
228,ZAMBIA,2020,843.32,0.1776,65.19
229,ZIMBABWE,2020,13.59,0.0029,74.38
230,AFGHANISTAN,2021,509.49,0.1292,-3.84
231,ALBANIA,2021,8.3,0.0021,-82.52
232,ALGERIA,2021,408.79,0.1036,-79.53
233,AMERI SAMOA,2021,0.96,0.0002,-68.77
234,ANDORRA,2021,0.01,0.0,-81.22
235,ANGOLA,2021,1879.74,0.4766,-48.49
236,ANGUILLA,2021,0.18,0.0,82.5
237,ANTARTICA,2021,0.67,0.0002,770.8
238,ANTIGUA,2021,0.14,0.0,-27.89
239,ARGENTINA,2021,2627.05,0.666,12.88
240,ARMENIA,2021,96.46,0.0245,6097.15
241,ARUBA,2021,0.81,0.0002,166.39
242,AUSTRALIA,2021,8247.3,2.0909,-15.69
243,AUSTRIA,2021,623.1,0.158,-1.05
244,AZERBAIJAN,2021,229.07,0.0581,-16.37
245,BAHAMAS,2021,35.84,0.0091,143.86
246,BAHARAIN IS,2021,547.49,0.1388,29.89
247,BANGLADESH PR,2021,1091.66,0.2768,-13.69
248,BARBADOS,2021,0.61,0.0002,-59.15
249,BELARUS,2021,287.65,0.0729,95.09
250,BELGIUM,2021,6940.68,1.7596,-21.83
251,BELIZE,2021,0.5,0.0001,-48.11
252,BENIN,2021,325.97,0.0826,-9.19
253,BERMUDA,2021,0.04,0.0,424550.48
254,BHUTAN,2021,433.0,0.1098,6.72
255,BOLIVIA,2021,1159.14,0.2939,37.03
256,BOSNIA-HRZGOVIN,2021,1.92,0.0005,-42.34
257,BOTSWANA,2021,461.72,0.1171,-37.94
258,BR VIRGN IS,2021,11.03,0.0028,28.71
259,BRAZIL,2021,3015.99,0.7646,-1.92
260,BRUNEI,2021,329.25,0.0835,-43.84
261,BULGARIA,2021,125.38,0.0318,-12.97
262,BURKINA FASO,2021,359.94,0.0913,-33.67
263,BURUNDI,2021,0.07,0.0,-98.18
264,C AFRI REP,2021,0.23,0.0001,-59.62
265,CAMBODIA,2021,39.35,0.01,-15.73
266,CAMEROON,2021,202.47,0.0513,-70.07
267,CANADA,2021,2686.43,0.6811,-30.77
268,CAPE VERDE IS,2021,2.04,0.0005,-0.37
269,CAYMAN IS,2021,86.45,0.0219,5920.62
270,CHAD,2021,50.0,0.0127,-81.53
271,CHILE,2021,670.6,0.17,-42.96
272,CHINA P RP,2021,65212.25,16.533,-0.07
273,CHRISTMAS IS.,2021,0.0,0.0,-86.96
274,COLOMBIA,2021,1403.61,0.3559,73.08
275,COMOROS,2021,12.48,0.0032,-36.49
276,CONGO D. REP.,2021,10.16,0.0026,-68.38
277,CONGO P REP,2021,245.94,0.0624,-58.14
278,COOK IS,2021,0.03,0.0,
279,COSTA RICA,2021,47.25,0.012,-2.99
280,COTE D' IVOIRE,2021,317.51,0.0805,-30.2
281,CROATIA,2021,42.81,0.0109,-25.14
282,CUBA,2021,69.44,0.0176,1864.74
283,CYPRUS,2021,23.98,0.0061,-67.78
284,CZECH REPUBLIC,2021,393.12,0.0997,31.29
285,DENMARK,2021,589.13,0.1494,-6.84
286,DJIBOUTI,2021,20.16,0.0051,3.21
287,DOMINIC REP,2021,256.94,0.0651,-28.85
288,DOMINICA,2021,0.25,0.0001,-0.66
289,ECUADOR,2021,333.25,0.0845,-7.84
290,EGYPT A RP,2021,1892.4,0.4798,-6.84
291,EL SALVADOR,2021,3.82,0.001,19.29
292,EQUTL GUINEA,2021,286.79,0.0727,-70.52
293,ERITREA,2021,0.0,0.0,1470.05
294,ESTONIA,2021,59.96,0.0152,10.91
295,ETHIOPIA,2021,32.64,0.0083,-66.88
296,FALKLAND IS,2021,0.0,,
297,FIJI IS,2021,1.33,0.0003,132.49
298,FINLAND,2021,713.2,0.1808,13.99
299,FR GUIANA,2021,1.29,0.0003,-55.61
300,FR POLYNESIA,2021,0.07,0.0,38.08
301,FRANCE,2021,4343.22,1.1011,-29.59
302,GABON,2021,405.46,0.1028,192.97
303,GAMBIA,2021,38.41,0.0097,-6.22
304,GEORGIA,2021,86.9,0.022,662.61
305,GERMANY,2021,13643.02,3.4589,-0.35
306,GHANA,2021,1374.96,0.3486,-22.47
307,GIBRALTAR,2021,0.46,0.0001,-54.68
308,GREECE,2021,143.02,0.0363,15.61
309,GREENLAND,2021,0.02,0.0,
310,GRENADA,2021,0.46,0.0001,-4.27
311,GUADELOUPE,2021,0.69,0.0002,245.79
312,GUAM,2021,0.03,0.0,1800.53
313,GUATEMALA,2021,20.75,0.0053,-9.58
314,GUINEA,2021,1631.02,0.4135,291.79
315,GUINEA BISSAU,2021,126.99,0.0322,1.97
316,GUYANA,2021,11.28,0.0029,62.16
317,HAITI,2021,13.47,0.0034,-3.35
318,HONDURAS,2021,12.56,0.0032,-34.96
319,HONG KONG,2021,15172.82,3.8467,-10.41
320,HUNGARY,2021,218.92,0.0555,16.65
321,ICELAND,2021,6.22,0.0016,-40.3
322,INDONESIA,2021,12470.17,3.1615,-17.21
323,IRAN,2021,331.48,0.084,-76.28
324,IRAQ,2021,14287.1,3.6222,-39.82
325,IRELAND,2021,414.46,0.1051,-31.4
326,ISRAEL,2021,1960.19,0.497,23.07
327,ITALY,2021,3862.05,0.9791,-14.0
328,JAMAICA,2021,2.23,0.0006,-24.67
329,JAPAN,2021,10924.74,2.7697,-12.14
330,JERSEY,2021,0.0,,
331,JORDAN,2021,1065.53,0.2701,0.08
332,KAZAKHSTAN,2021,804.97,0.2041,-64.31
333,KENYA,2021,130.27,0.033,45.36
334,KOREA DP RP,2021,1.41,0.0004,-59.26
335,KOREA RP,2021,12772.97,3.2383,-18.43
336,KUWAIT,2021,5214.15,1.3219,-45.54
337,KYRGHYZSTAN,2021,5.16,0.0013,289.15
338,LAO PD RP,2021,1.7,0.0004,-45.09
339,LATVIA,2021,48.88,0.0124,-81.59
340,LEBANON,2021,27.95,0.0071,-9.63
341,LESOTHO,2021,0.17,0.0,278.13
342,LIBERIA,2021,6.95,0.0018,-10.28
343,LIBYA,2021,70.52,0.0179,63.66
344,LIECHTENSTEIN,2021,0.34,0.0001,-19.31
345,LITHUANIA,2021,321.05,0.0814,22.49
346,LUXEMBOURG,2021,30.49,0.0077,-43.9
347,MACAO,2021,24.52,0.0062,381.75
348,MACEDONIA,2021,5.82,0.0015,-59.93
349,MADAGASCAR,2021,80.14,0.0203,-32.79
350,MALAWI,2021,7.07,0.0018,-77.73
351,MALAYSIA,2021,8373.05,2.1228,-14.41
352,MALDIVES,2021,24.49,0.0062,308.32
353,MALI,2021,13.97,0.0035,-63.31
354,MALTA,2021,23.71,0.006,-80.55
355,MARSHALL ISLAND,2021,1.66,0.0004,-54.01
356,MARTINIQUE,2021,0.82,0.0002,183.17
357,MAURITANIA,2021,5.49,0.0014,-48.63
358,MAURITIUS,2021,42.61,0.0108,52.74
359,MAYOTTE,2021,0.32,0.0001,-9.86
360,MEXICO,2021,2845.91,0.7215,-33.77
361,MOLDOVA,2021,1.0,0.0003,294.89
362,MONACO,2021,0.01,0.0,-99.99
363,MONGOLIA,2021,0.42,0.0001,-67.37
364,MONTENEGRO,2021,0.4,0.0001,142.86
365,MOROCCO,2021,1436.82,0.3643,50.84
366,MOZAMBIQUE,2021,631.6,0.1601,-24.37
367,MYANMAR,2021,526.79,0.1336,-3.74
368,N. MARIANA IS.,2021,0.29,0.0001,72821.69
369,NAMIBIA,2021,30.23,0.0077,5.89
370,NAURU RP,2021,0.05,0.0,-18.77
371,NEPAL,2021,673.16,0.1707,-5.4
372,NETHERLAND,2021,3317.72,0.8411,-2.16
373,NETHERLANDANTIL,2021,4.07,0.001,-82.11
374,NEW CALEDONIA,2021,1.81,0.0005,686.12
375,NEW ZEALAND,2021,381.53,0.0967,-26.89
376,NICARAGUA,2021,6.18,0.0016,71.96
377,NIGER,2021,4.12,0.001,356.57
378,NIGERIA,2021,5672.38,1.4381,-44.46
379,NORFOLK IS,2021,0.24,0.0001,-45.01
380,NORWAY,2021,673.66,0.1708,6.8
381,OMAN,2021,3087.93,0.7829,-15.85
382,PAKISTAN IR,2021,2.39,0.0006,-82.91
383,PALAU,2021,0.0,0.0,-77.23
384,PANAMA REPUBLIC,2021,32.95,0.0084,-56.55
385,PAPUA N GNA,2021,125.85,0.0319,125.96
386,PARAGUAY,2021,15.61,0.004,-38.23
387,PERU,2021,1520.88,0.3856,-3.44
388,PHILIPPINES,2021,572.47,0.1451,9.28
389,PITCAIRN IS.,2021,0.01,0.0,-60.26
390,POLAND,2021,706.35,0.1791,-16.86
391,PORTUGAL,2021,113.96,0.0289,-19.64
392,PUERTO RICO,2021,29.11,0.0074,-44.5
393,QATAR,2021,7930.15,2.0105,-18.13
394,REUNION,2021,18.42,0.0047,-0.56
395,ROMANIA,2021,193.97,0.0492,-25.78
396,RUSSIA,2021,5485.75,1.3908,-22.66
397,RWANDA,2021,6.67,0.0017,62.49
398,SAMOA,2021,0.45,0.0001,-84.85
399,SAN MARINO,2021,0.08,0.0,-45.65
400,SAO TOME,2021,0.08,0.0,
401,SAUDI ARAB,2021,16186.76,4.1038,-39.73
402,SENEGAL,2021,401.13,0.1017,-14.56
403,SERBIA,2021,7.31,0.0019,-36.48
404,SEYCHELLES,2021,3.64,0.0009,-22.69
405,SIERRA LEONE,2021,8.71,0.0022,-64.45
406,SINGAPORE,2021,13304.92,3.3732,-9.78
407,SLOVAK REP,2021,35.58,0.009,-35.11
408,SLOVENIA,2021,271.78,0.0689,9.4
409,SOLOMON IS,2021,33.86,0.0086,-13.11
410,SOMALIA,2021,5.67,0.0014,-62.3
411,SOUTH AFRICA,2021,7568.2,1.9187,8.59
412,SOUTH SUDAN,2021,1.58,0.0004,-78.43
413,SPAIN,2021,1511.92,0.3833,-6.28
414,SRI LANKA DSR,2021,642.94,0.163,-28.85
415,ST HELENA,2021,0.01,0.0,-28.49
416,ST KITT N A,2021,0.0,0.0,
417,ST LUCIA,2021,0.39,0.0001,-36.11
418,ST VINCENT,2021,12.17,0.0031,
419,STATE OF PALEST,2021,0.15,0.0,-79.99
420,SUDAN,2021,368.28,0.0934,-7.18
421,SURINAME,2021,34.14,0.0087,-38.01
422,SWAZILAND,2021,50.87,0.0129,623.22
423,SWEDEN,2021,1004.76,0.2547,-9.84
424,SWITZERLAND,2021,18230.95,4.622,7.88
425,SYRIA,2021,15.31,0.0039,-0.22
426,TAIWAN,2021,4036.75,1.0234,-0.23
427,TAJIKISTAN,2021,1.06,0.0003,264.32
428,TANZANIA REP,2021,934.88,0.237,-8.66
429,THAILAND,2021,5682.27,1.4406,-16.29
430,TIMOR LESTE,2021,0.04,0.0,
431,TOGO,2021,300.23,0.0761,-21.72
432,TOKELAU IS,2021,0.02,0.0,-75.68
433,TONGA,2021,0.0,0.0,
434,TRINIDAD,2021,189.36,0.048,124.3
435,TUNISIA,2021,123.36,0.0313,-5.93
436,TURKEY,2021,1467.33,0.372,-30.67
437,TURKMENISTAN,2021,0.3,0.0001,-92.59
438,TURKS C IS,2021,0.05,0.0,340.19
439,U ARAB EMTS,2021,26622.99,6.7496,-12.01
440,U K,2021,4955.76,1.2564,-26.17
441,U S A,2021,28888.1,7.3239,-19.35
442,UGANDA,2021,38.59,0.0098,13.57
443,UKRAINE,2021,2139.86,0.5425,3.84
444,UNSPECIFIED,2021,56.44,0.0143,-54.29
445,URUGUAY,2021,163.59,0.0415,185.81
446,US MINOR OUTLYING ISLANDS,2021,0.29,0.0001,-29.12
447,UZBEKISTAN,2021,14.94,0.0038,-77.65
448,VANUATU REP,2021,0.02,0.0,-93.88
449,VATICAN CITY,2021,0.02,0.0,-89.17
450,VENEZUELA,2021,714.24,0.1811,-88.21
451,VIETNAM SOC REP,2021,6120.66,1.5517,-15.96
452,VIRGIN IS US,2021,0.09,0.0,-98.85
453,WALLIS F IS,2021,0.0,0.0,
454,YEMEN REPUBLC,2021,23.39,0.0059,2.9
455,ZAMBIA,2021,126.5,0.0321,-85.0
456,ZIMBABWE,2021,5.71,0.0014,-58.01
457,AFGHANISTAN,2022,510.93,0.0833,0.28
458,ALBANIA,2022,30.71,0.005,269.78
459,ALGERIA,2022,1004.24,0.1638,145.66
460,AMERI SAMOA,2022,0.0,0.0,-99.74
461,ANDORRA,2022,0.0,,
462,ANGOLA,2022,2725.08,0.4445,44.97
463,ANGUILLA,2022,0.03,0.0,-83.82
464,ANTARTICA,2022,1.22,0.0002,82.35
465,ANTIGUA,2022,0.13,0.0,-6.11
466,ARGENTINA,2022,4201.74,0.6854,59.94
467,ARMENIA,2022,134.85,0.022,39.8
468,ARUBA,2022,1.77,0.0003,118.34
469,AUSTRALIA,2022,16756.17,2.7332,103.17
470,AUSTRIA,2022,825.13,0.1346,32.42
471,AZERBAIJAN,2022,104.81,0.0171,-54.24
472,BAHAMAS,2022,3.52,0.0006,-90.18
473,BAHARAIN IS,2022,753.29,0.1229,37.59
474,BANGLADESH PR,2022,1977.93,0.3226,81.19
475,BARBADOS,2022,0.84,0.0001,38.84
476,BELARUS,2022,381.08,0.0622,32.48
477,BELGIUM,2022,9951.65,1.6233,43.38
478,BELIZE,2022,0.5,0.0001,0.7
479,BENIN,2022,402.12,0.0656,23.36
480,BERMUDA,2022,0.01,0.0,-69.36
481,BHUTAN,2022,545.04,0.0889,25.87
482,BOLIVIA,2022,2072.54,0.3381,78.8
483,BOSNIA-HRZGOVIN,2022,3.03,0.0005,58.03
484,BOTSWANA,2022,527.96,0.0861,14.35
485,BR VIRGN IS,2022,14.72,0.0024,33.47
486,BRAZIL,2022,5713.28,0.9319,89.43
487,BRUNEI,2022,394.44,0.0643,19.8
488,BULGARIA,2022,173.2,0.0283,38.15
489,BURKINA FASO,2022,425.44,0.0694,18.2
490,BURUNDI,2022,0.04,0.0,-42.32
491,C AFRI REP,2022,0.18,0.0,-19.74
492,CAMBODIA,2022,94.88,0.0155,141.12
493,CAMEROON,2022,806.42,0.1315,298.3
494,CANADA,2022,3132.78,0.511,16.61
495,CAPE VERDE IS,2022,4.63,0.0008,127.36
496,CAYMAN IS,2022,0.09,0.0,-99.89
497,CHAD,2022,3.0,0.0005,-94.0
498,CHILE,2022,1371.16,0.2237,104.47
499,CHINA P RP,2022,94570.57,15.4262,45.02
500,CHRISTMAS IS.,2022,0.03,0.0,1606.55
501,COLOMBIA,2022,2964.29,0.4835,111.19
502,COMOROS,2022,14.87,0.0024,19.15
503,CONGO D. REP.,2022,31.21,0.0051,207.27
504,CONGO P REP,2022,1309.73,0.2136,432.54
505,COOK IS,2022,0.0,,
506,COSTA RICA,2022,63.28,0.0103,33.93
507,COTE D' IVOIRE,2022,468.78,0.0765,47.64
508,CROATIA,2022,59.43,0.0097,38.83
509,CUBA,2022,1.0,0.0002,-98.57
510,CYPRUS,2022,74.32,0.0121,209.87
511,CZECH REPUBLIC,2022,592.1,0.0966,50.62
512,DENMARK,2022,888.73,0.145,50.86
513,DJIBOUTI,2022,41.68,0.0068,106.7
514,DOMINIC REP,2022,648.77,0.1058,152.5
515,DOMINICA,2022,0.19,0.0,-22.68
516,ECUADOR,2022,1012.4,0.1651,203.79
517,EGYPT A RP,2022,3520.83,0.5743,86.05
518,EL SALVADOR,2022,4.11,0.0007,7.61
519,EQUTL GUINEA,2022,885.56,0.1445,208.78
520,ERITREA,2022,0.12,0.0,12709.56
521,ESTONIA,2022,72.3,0.0118,20.58
522,ETHIOPIA,2022,62.44,0.0102,91.3
523,FIJI IS,2022,0.49,0.0001,-63.11
524,FINLAND,2022,876.28,0.1429,22.86
525,FR GUIANA,2022,0.33,0.0001,-74.41
526,FR POLYNESIA,2022,1.11,0.0002,1384.55
527,FRANCE,2022,5782.1,0.9432,33.13
528,GABON,2022,1070.49,0.1746,164.02
529,GAMBIA,2022,43.49,0.0071,13.24
530,GEORGIA,2022,196.64,0.0321,126.27
531,GERMANY,2022,14968.1,2.4416,9.71
532,GHANA,2022,1497.77,0.2443,8.93
533,GIBRALTAR,2022,0.25,0.0,-46.14
534,GREECE,2022,299.94,0.0489,109.73
535,GREENLAND,2022,0.0,,
536,GRENADA,2022,0.74,0.0001,62.23
537,GUADELOUPE,2022,0.74,0.0001,8.17
538,GUAM,2022,0.11,0.0,256.68
539,GUATEMALA,2022,21.08,0.0034,1.6
540,GUINEA,2022,3616.56,0.5899,121.74
541,GUINEA BISSAU,2022,174.34,0.0284,37.28
542,GUYANA,2022,156.96,0.0256,1291.93
543,HAITI,2022,21.86,0.0036,62.27
544,HONDURAS,2022,21.12,0.0034,68.06
545,HONG KONG,2022,19096.61,3.115,25.86
546,HUNGARY,2022,293.67,0.0479,34.15
547,ICELAND,2022,5.71,0.0009,-8.18
548,INDONESIA,2022,17702.83,2.8877,41.96
549,INSTALLATIONS IN INTERNATIONAL WATERS,2022,0.1,0.0,
550,IRAN,2022,463.38,0.0756,39.79
551,IRAQ,2022,31927.05,5.2079,123.47
552,IRELAND,2022,1135.81,0.1853,174.04
553,ISRAEL,2022,3073.79,0.5014,56.81
554,ITALY,2022,5048.47,0.8235,30.72
555,JAMAICA,2022,1.8,0.0003,-19.04
556,JAPAN,2022,14399.77,2.3489,31.81
557,JORDAN,2022,1827.19,0.298,71.48
558,KAZAKHSTAN,2022,325.77,0.0531,-59.53
559,KENYA,2022,145.35,0.0237,11.58
560,KIRIBATI REP,2022,0.04,0.0,
561,KOREA DP RP,2022,5.26,0.0009,271.98
562,KOREA RP,2022,17477.2,2.8509,36.83
563,KUWAIT,2022,11001.76,1.7946,111.0
564,KYRGHYZSTAN,2022,1.79,0.0003,-65.25
565,LAO PD RP,2022,0.8,0.0001,-52.88
566,LATVIA,2022,134.64,0.022,175.46
567,LEBANON,2022,32.46,0.0053,16.13
568,LESOTHO,2022,0.0,,
569,LIBERIA,2022,21.2,0.0035,204.95
570,LIBYA,2022,358.2,0.0584,407.95
571,LIECHTENSTEIN,2022,0.83,0.0001,148.32
572,LITHUANIA,2022,200.92,0.0328,-37.42
573,LUXEMBOURG,2022,67.39,0.011,121.01
574,MACAO,2022,20.11,0.0033,-17.99
575,MACEDONIA,2022,1.19,0.0002,-79.47
576,MADAGASCAR,2022,144.06,0.0235,79.76
577,MALAWI,2022,107.71,0.0176,1422.63
578,MALAYSIA,2022,12424.2,2.0266,48.38
579,MALDIVES,2022,68.93,0.0112,181.51
580,MALI,2022,22.85,0.0037,63.61
581,MALTA,2022,22.88,0.0037,-3.49
582,MARSHALL ISLAND,2022,1.19,0.0002,-28.16
583,MARTINIQUE,2022,0.48,0.0001,-41.05
584,MAURITANIA,2022,12.02,0.002,118.7
585,MAURITIUS,2022,71.87,0.0117,68.68
586,MAYOTTE,2022,1.15,0.0002,257.84
587,MEXICO,2022,4248.04,0.6929,49.27
588,MOLDOVA,2022,0.09,0.0,-91.0
589,MONACO,2022,0.37,0.0001,4883.43
590,MONGOLIA,2022,0.54,0.0001,28.35
591,MONTENEGRO,2022,0.35,0.0001,-11.71
592,MOROCCO,2022,2244.19,0.3661,56.19
593,MOZAMBIQUE,2022,1879.49,0.3066,197.57
594,MYANMAR,2022,1001.87,0.1634,90.19
595,N. MARIANA IS.,2022,0.05,0.0,-81.57
596,NAMIBIA,2022,45.99,0.0075,52.17
597,NAURU RP,2022,23.28,0.0038,42516.55
598,NEPAL,2022,1371.04,0.2236,103.67
599,NETHERLAND,2022,4478.1,0.7305,34.98
600,NETHERLANDANTIL,2022,16.12,0.0026,295.91
601,NEW CALEDONIA,2022,8.11,0.0013,347.97
602,NEW ZEALAND,2022,374.84,0.0611,-1.75
603,NICARAGUA,2022,9.51,0.0016,53.8
604,NIGER,2022,15.99,0.0026,288.49
605,NIGERIA,2022,10291.58,1.6787,81.43
606,NORFOLK IS,2022,0.35,0.0001,42.94
607,NORWAY,2022,2092.36,0.3413,210.6
608,OMAN,2022,6840.65,1.1158,121.53
609,PAKISTAN IR,2022,2.54,0.0004,6.28
610,PALAU,2022,0.0,,
611,PANAMA REPUBLIC,2022,292.4,0.0477,787.53
612,PAPUA N GNA,2022,357.58,0.0583,184.13
613,PARAGUAY,2022,16.3,0.0027,4.41
614,PERU,2022,2707.38,0.4416,78.01
615,PHILIPPINES,2022,729.12,0.1189,27.36
616,PITCAIRN IS.,2022,0.0,,
617,POLAND,2022,1124.79,0.1835,59.24
618,PORTUGAL,2022,164.54,0.0268,44.38
619,PUERTO RICO,2022,54.9,0.009,88.62
620,QATAR,2022,13193.7,2.1521,66.37
621,REUNION,2022,27.71,0.0045,50.48
622,ROMANIA,2022,263.1,0.0429,35.64
623,RUSSIA,2022,9869.99,1.61,79.92
624,RWANDA,2022,7.55,0.0012,13.18
625,SAMOA,2022,0.38,0.0001,-15.51
626,SAN MARINO,2022,0.07,0.0,-10.41
627,SAO TOME,2022,0.0,0.0,-100.0
628,SAUDI ARAB,2022,34100.58,5.5624,110.67
629,SENEGAL,2022,696.16,0.1136,73.55
630,SERBIA,2022,11.07,0.0018,51.42
631,SEYCHELLES,2022,3.92,0.0006,7.68
632,SIERRA LEONE,2022,16.92,0.0028,94.34
633,SINGAPORE,2022,18962.19,3.0931,42.52
634,SLOVAK REP,2022,101.86,0.0166,186.27
635,SLOVENIA,2022,303.24,0.0495,11.57
636,SOLOMON IS,2022,25.93,0.0042,-23.42
637,SOMALIA,2022,18.06,0.0029,218.4
638,SOUTH AFRICA,2022,10965.81,1.7887,44.89
639,SOUTH SUDAN,2022,1.23,0.0002,-22.08
640,SPAIN,2022,2052.99,0.3349,35.79
641,SRI LANKA DSR,2022,1009.97,0.1647,57.09
642,ST HELENA,2022,0.01,0.0,-34.83
643,ST KITT N A,2022,2.98,0.0005,302836.43
644,ST LUCIA,2022,0.14,0.0,-63.77
645,ST VINCENT,2022,0.0,0.0,-99.98
646,STATE OF PALEST,2022,0.3,0.0,101.11
647,SUDAN,2022,129.15,0.0211,-64.93
648,SURINAME,2022,31.93,0.0052,-6.47
649,SWAZILAND,2022,234.98,0.0383,361.91
650,SWEDEN,2022,1450.13,0.2365,44.33
651,SWITZERLAND,2022,23392.32,3.8157,28.31
652,SYRIA,2022,15.61,0.0025,1.98
653,TAIWAN,2022,6234.48,1.017,54.44
654,TAJIKISTAN,2022,10.74,0.0018,910.14
655,TANZANIA REP,2022,2279.18,0.3718,143.79
656,THAILAND,2022,9332.59,1.5223,64.24
657,TIMOR LESTE,2022,0.0,0.0,-97.77
658,TOGO,2022,376.85,0.0615,25.52
659,TOKELAU IS,2022,0.42,0.0001,2105.93
660,TONGA,2022,0.0,,
661,TRINIDAD,2022,112.2,0.0183,-40.75
662,TUNISIA,2022,297.83,0.0486,141.44
663,TURKEY,2022,1996.75,0.3257,36.08
664,TURKMENISTAN,2022,10.07,0.0016,3305.49
665,TURKS C IS,2022,0.01,0.0,-89.43
666,U ARAB EMTS,2022,44833.48,7.3132,68.4
667,U K,2022,7017.78,1.1447,41.61
668,U S A,2022,43314.07,7.0653,49.94
669,UGANDA,2022,142.33,0.0232,268.79
670,UKRAINE,2022,2913.61,0.4753,36.16
671,UNSPECIFIED,2022,45.85,0.0075,-18.77
672,URUGUAY,2022,161.49,0.0263,-1.28
673,US MINOR OUTLYING ISLANDS,2022,0.13,0.0,-55.89
674,UZBEKISTAN,2022,71.35,0.0116,377.54
675,VANUATU REP,2022,0.0,,
676,VATICAN CITY,2022,0.0,,
677,VENEZUELA,2022,89.42,0.0146,-87.48
678,VIETNAM SOC REP,2022,7438.52,1.2134,21.53
679,VIRGIN IS US,2022,0.44,0.0001,405.1
680,WALLIS F IS,2022,0.0,,
681,YEMEN REPUBLC,2022,227.81,0.0372,873.92
682,ZAMBIA,2022,118.18,0.0193,-6.57
683,ZIMBABWE,2022,7.77,0.0013,36.22
684,AFGHANISTAN,2023,452.81,0.0632,-11.38
685,ALBANIA,2023,10.57,0.0015,-65.57
686,ALGERIA,2023,1503.97,0.2101,49.76
687,AMERI SAMOA,2023,0.02,0.0,587.41
688,ANDORRA,2023,0.0,0.0,
689,ANGOLA,2023,3599.31,0.5027,32.08
690,ANGUILLA,2023,0.03,0.0,-4.75
691,ANTARTICA,2023,0.89,0.0001,-26.72
692,ANTIGUA,2023,0.52,0.0001,289.24
693,ARGENTINA,2023,3929.1,0.5488,-6.49
694,ARMENIA,2023,72.89,0.0102,-45.94
695,ARUBA,2023,0.77,0.0001,-56.6
696,AUSTRALIA,2023,19011.31,2.6553,13.46
697,AUSTRIA,2023,837.63,0.117,1.51
698,AZERBAIJAN,2023,497.58,0.0695,374.73
699,BAHAMAS,2023,3.68,0.0005,4.64
700,BAHARAIN IS,2023,1014.5,0.1417,34.68
701,BANGLADESH PR,2023,2021.24,0.2823,2.19
702,BARBADOS,2023,1.29,0.0002,53.05
703,BELARUS,2023,67.9,0.0095,-82.18
704,BELGIUM,2023,9177.67,1.2819,-7.78
705,BELIZE,2023,1.06,0.0001,111.54
706,BENIN,2023,452.58,0.0632,12.55
707,BERMUDA,2023,0.05,0.0,336.45
708,BHUTAN,2023,535.61,0.0748,-1.73
709,BOLIVIA,2023,2550.21,0.3562,23.05
710,BOSNIA-HRZGOVIN,2023,2.51,0.0004,-17.03
711,BOTSWANA,2023,459.97,0.0642,-12.88
712,BR VIRGN IS,2023,10.55,0.0015,-28.31
713,BRAZIL,2023,6672.52,0.932,16.79
714,BRUNEI,2023,303.99,0.0425,-22.93
715,BULGARIA,2023,433.19,0.0605,150.1
716,BURKINA FASO,2023,116.34,0.0162,-72.65
717,BURUNDI,2023,0.39,0.0001,863.93
718,C AFRI REP,2023,2.65,0.0004,1350.93
719,CAMBODIA,2023,146.02,0.0204,53.89
720,CAMEROON,2023,550.39,0.0769,-31.75
721,CANADA,2023,4167.56,0.5821,33.03
722,CAPE VERDE IS,2023,4.43,0.0006,-4.2
723,CAYMAN IS,2023,0.0,0.0,-98.99
724,CHAD,2023,6.14,0.0009,104.89
725,CHILE,2023,1435.83,0.2005,4.72
726,CHINA P RP,2023,98505.77,13.7584,4.16
727,CHRISTMAS IS.,2023,0.0,,
728,COLOMBIA,2023,2634.19,0.3679,-11.14
729,COMOROS,2023,16.11,0.0022,8.33
730,CONGO D. REP.,2023,214.12,0.0299,586.07
731,CONGO P REP,2023,2026.19,0.283,54.7
732,COSTA RICA,2023,60.78,0.0085,-3.95
733,COTE D' IVOIRE,2023,665.18,0.0929,41.9
734,CROATIA,2023,117.54,0.0164,97.78
735,CUBA,2023,4.87,0.0007,389.45
736,CYPRUS,2023,116.17,0.0162,56.32
737,CZECH REPUBLIC,2023,778.09,0.1087,31.41
738,DENMARK,2023,770.37,0.1076,-13.32
739,DJIBOUTI,2023,55.88,0.0078,34.08
740,DOMINIC REP,2023,360.31,0.0503,-44.46
741,DOMINICA,2023,0.6,0.0001,214.06
742,ECUADOR,2023,1016.41,0.142,0.4
743,EGYPT A RP,2023,1951.54,0.2726,-44.57
744,EL SALVADOR,2023,2.31,0.0003,-43.82
745,EQUTL GUINEA,2023,711.96,0.0994,-19.6
746,ERITREA,2023,0.0,0.0,-97.74
747,ESTONIA,2023,139.95,0.0195,93.56
748,ETHIOPIA,2023,57.06,0.008,-8.62
749,FAROE IS.,2023,0.08,0.0,
750,FIJI IS,2023,0.1,0.0,-79.61
751,FINLAND,2023,1491.62,0.2083,70.22
752,FR GUIANA,2023,1.75,0.0002,430.03
753,FR POLYNESIA,2023,0.52,0.0001,-53.0
754,FRANCE,2023,6201.05,0.8661,7.25
755,GABON,2023,398.47,0.0557,-62.78
756,GAMBIA,2023,51.15,0.0071,17.62
757,GEORGIA,2023,167.04,0.0233,-15.05
758,GERMANY,2023,16601.53,2.3188,10.91
759,GHANA,2023,1909.59,0.2667,27.5
760,GIBRALTAR,2023,71.99,0.0101,29243.35
761,GREECE,2023,1157.9,0.1617,286.04
762,GREENLAND,2023,0.17,0.0,
763,GRENADA,2023,1.45,0.0002,95.44
764,GUADELOUPE,2023,0.32,0.0,-57.12
765,GUAM,2023,0.17,0.0,52.68
766,GUATEMALA,2023,20.7,0.0029,-1.81
767,GUERNSEY,2023,0.01,0.0,
768,GUINEA,2023,2082.84,0.2909,-42.41
769,GUINEA BISSAU,2023,169.93,0.0237,-2.53
770,GUYANA,2023,4.22,0.0006,-97.31
771,HAITI,2023,12.06,0.0017,-44.82
772,HONDURAS,2023,15.42,0.0022,-26.97
773,HONG KONG,2023,18274.95,2.5525,-4.3
774,HUNGARY,2023,307.19,0.0429,4.6
775,ICELAND,2023,4.95,0.0007,-13.28
776,INDONESIA,2023,28820.41,4.0254,62.8
777,INSTALLATIONS IN INTERNATIONAL WATERS,2023,0.0,,
778,IRAN,2023,672.12,0.0939,45.05
779,IRAQ,2023,34385.5,4.8027,7.7
780,IRELAND,2023,3630.44,0.5071,219.64
781,ISRAEL,2023,2323.19,0.3245,-24.42
782,ITALY,2023,5591.91,0.781,10.76
783,JAMAICA,2023,4.99,0.0007,176.69
784,JAPAN,2023,16495.32,2.3039,14.55
785,JORDAN,2023,2290.4,0.3199,25.35
786,KAZAKHSTAN,2023,205.13,0.0287,-37.03
787,KENYA,2023,116.68,0.0163,-19.73
788,KIRIBATI REP,2023,0.0,,
789,KOREA DP RP,2023,2.48,0.0003,-52.82
790,KOREA RP,2023,21227.32,2.9648,21.46
791,KUWAIT,2023,12247.37,1.7106,11.32
792,KYRGHYZSTAN,2023,4.19,0.0006,133.61
793,LAO PD RP,2023,74.3,0.0104,9181.42
794,LATVIA,2023,250.12,0.0349,85.77
795,LEBANON,2023,92.49,0.0129,184.9
796,LESOTHO,2023,0.0,0.0,
797,LIBERIA,2023,26.8,0.0037,26.45
798,LIBYA,2023,729.89,0.1019,103.77
799,LIECHTENSTEIN,2023,1.97,0.0003,135.74
800,LITHUANIA,2023,114.24,0.016,-43.14
801,LUXEMBOURG,2023,100.82,0.0141,49.6
802,MACAO,2023,13.4,0.0019,-33.38
803,MACEDONIA,2023,1.37,0.0002,15.15
804,MADAGASCAR,2023,129.49,0.0181,-10.11
805,MALAWI,2023,42.76,0.006,-60.3
806,MALAYSIA,2023,12734.94,1.7787,2.5
807,MALDIVES,2023,496.62,0.0694,620.49
808,MALI,2023,20.02,0.0028,-12.39
809,MALTA,2023,51.35,0.0072,124.4
810,MARSHALL ISLAND,2023,0.88,0.0001,-26.34
811,MARTINIQUE,2023,1.21,0.0002,151.16
812,MAURITANIA,2023,231.68,0.0324,1827.97
813,MAURITIUS,2023,91.5,0.0128,27.31
814,MAYOTTE,2023,0.73,0.0001,-36.32
815,MEXICO,2023,3867.56,0.5402,-8.96
816,MOLDOVA,2023,3.93,0.0005,4259.31
817,MONACO,2023,1.0,0.0001,170.57
818,MONGOLIA,2023,0.94,0.0001,73.01
819,MONTENEGRO,2023,0.1,0.0,-72.6
820,MONTSERRAT,2023,0.0,0.0,
821,MOROCCO,2023,2549.44,0.3561,13.6
822,MOZAMBIQUE,2023,2521.96,0.3522,34.18
823,MYANMAR,2023,954.74,0.1333,-4.7
824,N. MARIANA IS.,2023,0.22,0.0,317.52
825,NAMIBIA,2023,37.54,0.0052,-18.38
826,NAURU RP,2023,0.03,0.0,-99.89
827,NEPAL,2023,841.52,0.1175,-38.62
828,NETHERLAND,2023,5961.36,0.8326,33.12
829,NETHERLANDANTIL,2023,18.05,0.0025,11.98
830,NEW CALEDONIA,2023,7.19,0.001,-11.41
831,NEW ZEALAND,2023,477.74,0.0667,27.45
832,NICARAGUA,2023,10.64,0.0015,11.94
833,NIGER,2023,119.5,0.0167,647.26
834,NIGERIA,2023,6692.65,0.9348,-34.97
835,NIUE IS,2023,0.0,0.0,
836,NORFOLK IS,2023,0.21,0.0,-40.0
837,NORWAY,2023,938.06,0.131,-55.17
838,OMAN,2023,7911.18,1.105,15.65
839,PAKISTAN IR,2023,20.11,0.0028,692.71
840,PANAMA REPUBLIC,2023,283.35,0.0396,-3.1
841,PAPUA N GNA,2023,643.36,0.0899,79.92
842,PARAGUAY,2023,19.8,0.0028,21.45
843,PERU,2023,2250.75,0.3144,-16.87
844,PHILIPPINES,2023,959.59,0.134,31.61
845,PITCAIRN IS.,2023,0.0,0.0,
846,POLAND,2023,1366.4,0.1908,21.48
847,PORTUGAL,2023,196.1,0.0274,19.18
848,PUERTO RICO,2023,119.41,0.0167,117.51
849,QATAR,2023,16808.1,2.3476,27.39
850,REUNION,2023,28.86,0.004,4.13
851,ROMANIA,2023,562.21,0.0785,113.69
852,RUSSIA,2023,46212.71,6.4546,368.21
853,RWANDA,2023,40.19,0.0056,432.4
854,SAMOA,2023,15.76,0.0022,4008.08
855,SAN MARINO,2023,0.07,0.0,-10.95
856,SAO TOME,2023,0.0,0.0,282245.28
857,SAUDI ARAB,2023,42035.27,5.8711,23.27
858,SENEGAL,2023,1377.37,0.1924,97.85
859,SERBIA,2023,13.71,0.0019,23.89
860,SEYCHELLES,2023,8.96,0.0013,128.75
861,SIERRA LEONE,2023,49.79,0.007,194.24
862,SINGAPORE,2023,23595.35,3.2956,24.43
863,SLOVAK REP,2023,70.92,0.0099,-30.37
864,SLOVENIA,2023,297.83,0.0416,-1.78
865,SOLOMON IS,2023,33.09,0.0046,27.6
866,SOMALIA,2023,17.9,0.0025,-0.93
867,SOUTH AFRICA,2023,10397.83,1.4523,-5.18
868,SOUTH SUDAN,2023,1.13,0.0002,-8.15
869,SPAIN,2023,3001.68,0.4192,46.21
870,SRI LANKA DSR,2023,1078.14,0.1506,6.75
871,ST HELENA,2023,0.03,0.0,401.14
872,ST KITT N A,2023,1.22,0.0002,-58.98
873,ST LUCIA,2023,0.11,0.0,-23.16
874,ST VINCENT,2023,0.0,,
875,STATE OF PALEST,2023,0.42,0.0001,40.33
876,SUDAN,2023,218.18,0.0305,68.93
877,SURINAME,2023,48.89,0.0068,53.14
878,SWAZILAND,2023,4.92,0.0007,-97.91
879,SWEDEN,2023,1729.61,0.2416,19.27
880,SWITZERLAND,2023,15793.95,2.206,-32.48
881,SYRIA,2023,9.22,0.0013,-40.95
882,TAIWAN,2023,8264.3,1.1543,32.56
883,TAJIKISTAN,2023,0.52,0.0001,-95.12
884,TANZANIA REP,2023,2541.31,0.3549,11.5
885,THAILAND,2023,11193.36,1.5634,19.94
886,TIMOR LESTE,2023,0.0,0.0,60.56
887,TOGO,2023,540.81,0.0755,43.51
888,TOKELAU IS,2023,0.03,0.0,-93.94
889,TONGA,2023,0.03,0.0,
890,TRINIDAD,2023,91.26,0.0127,-18.66
891,TUNISIA,2023,421.24,0.0588,41.44
892,TURKEY,2023,4208.84,0.5879,110.78
893,TURKMENISTAN,2023,101.72,0.0142,910.35
894,TURKS C IS,2023,0.04,0.0,622.03
895,U ARAB EMTS,2023,53231.55,7.4349,18.73
896,U K,2023,8960.73,1.2516,27.69
897,U S A,2023,50863.87,7.1042,17.43
898,UGANDA,2023,492.82,0.0688,246.25
899,UKRAINE,2023,650.26,0.0908,-77.68
900,UNSPECIFIED,2023,95.27,0.0133,107.78
901,URUGUAY,2023,198.71,0.0278,23.05
902,US MINOR OUTLYING ISLANDS,2023,0.1,0.0,-21.05
903,UZBEKISTAN,2023,48.4,0.0068,-32.17
904,VATICAN CITY,2023,0.02,0.0,
905,VENEZUELA,2023,252.85,0.0353,182.78
906,VIETNAM SOC REP,2023,8794.73,1.2284,18.23
907,VIRGIN IS US,2023,1.01,0.0001,133.1
908,YEMEN REPUBLC,2023,160.91,0.0225,-29.37
909,ZAMBIA,2023,184.93,0.0258,56.48
910,ZIMBABWE,2023,9.18,0.0013,18.1
911,500,2024,76.77,0.0113,
912,AFGHANISTAN,2024,642.29,0.0947,41.85
913,ALBANIA,2024,7.59,0.0011,-28.18
914,ALGERIA,2024,885.54,0.1306,-41.12
915,AMERI SAMOA,2024,0.05,0.0,175.04
916,ANDORRA,2024,0.05,0.0,25061.41
917,ANGOLA,2024,3495.04,0.5153,-2.9
918,ANGUILLA,2024,0.3,0.0,981.84
919,ANTARTICA,2024,0.51,0.0001,-43.12
920,ANTIGUA,2024,0.84,0.0001,62.0
921,ARGENTINA,2024,2496.06,0.368,-36.47
922,ARMENIA,2024,36.09,0.0053,-50.49
923,ARUBA,2024,1.17,0.0002,52.79
924,AUSTRALIA,2024,16159.2,2.3826,-15.0
925,AUSTRIA,2024,922.23,0.136,10.1
926,AZERBAIJAN,2024,0.74,0.0001,-99.85
927,BAHAMAS,2024,20.84,0.0031,465.97
928,BAHARAIN IS,2024,829.44,0.1223,-18.24
929,BANGLADESH PR,2024,1844.76,0.272,-8.73
930,BARBADOS,2024,3.25,0.0005,152.91
931,BELARUS,2024,15.22,0.0022,-77.59
932,BELGIUM,2024,7236.82,1.067,-21.15
933,BELIZE,2024,18.57,0.0027,1653.98
934,BENIN,2024,214.57,0.0316,-52.59
935,BERMUDA,2024,0.0,,
936,BHUTAN,2024,339.11,0.05,-36.69
937,BOLIVIA,2024,1087.33,0.1603,-57.36
938,BOSNIA-HRZGOVIN,2024,5.19,0.0008,106.38
939,BOTSWANA,2024,326.75,0.0482,-28.96
940,BR VIRGN IS,2024,141.87,0.0209,1244.31
941,BRAZIL,2024,6208.49,0.9154,-6.95
942,BRUNEI,2024,218.76,0.0323,-28.04
943,BULGARIA,2024,192.31,0.0284,-55.61
944,BURKINA FASO,2024,203.05,0.0299,74.54
945,BURUNDI,2024,0.0,,
946,C AFRI REP,2024,0.24,0.0,-91.14
947,CAMBODIA,2024,218.4,0.0322,49.57
948,CAMEROON,2024,788.11,0.1162,43.19
949,CANADA,2024,4553.24,0.6714,9.25
950,CAPE VERDE IS,2024,4.64,0.0007,4.62
951,CAYMAN IS,2024,0.0,0.0,-55.02
952,CHAD,2024,3.64,0.0005,-40.72
953,CHILE,2024,1514.1,0.2232,5.45
954,CHINA P RP,2024,101735.76,15.0005,3.28
955,COLOMBIA,2024,3069.51,0.4526,16.53
956,COMOROS,2024,18.65,0.0027,15.76
957,CONGO D. REP.,2024,209.44,0.0309,-2.19
958,CONGO P REP,2024,122.39,0.018,-93.96
959,COSTA RICA,2024,117.85,0.0174,93.89
960,COTE D' IVOIRE,2024,384.94,0.0568,-42.13
961,CROATIA,2024,58.06,0.0086,-50.6
962,CUBA,2024,2.19,0.0003,-54.98
963,CYPRUS,2024,41.25,0.0061,-64.49
964,CZECH REPUBLIC,2024,735.87,0.1085,-5.43
965,DENMARK,2024,917.58,0.1353,19.11
966,DJIBOUTI,2024,22.26,0.0033,-60.17
967,DOMINIC REP,2024,570.47,0.0841,58.33
968,DOMINICA,2024,0.5,0.0001,-16.82
969,ECUADOR,2024,797.03,0.1175,-21.58
970,EGYPT A RP,2024,1157.44,0.1707,-40.69
971,EL SALVADOR,2024,2.6,0.0004,12.57
972,EQUTL GUINEA,2024,320.31,0.0472,-55.01
973,ERITREA,2024,0.0,,
974,ESTONIA,2024,138.01,0.0203,-1.38
975,ETHIOPIA,2024,81.93,0.0121,43.59
976,FAROE IS.,2024,0.0,,
977,FIJI IS,2024,1.19,0.0002,1082.8
978,FINLAND,2024,913.48,0.1347,-38.76
979,FR GUIANA,2024,0.63,0.0001,-63.73
980,FR POLYNESIA,2024,0.26,0.0,-49.45
981,FRANCE,2024,7971.16,1.1753,28.55
982,GABON,2024,317.86,0.0469,-20.23
983,GAMBIA,2024,41.41,0.0061,-19.04
984,GEORGIA,2024,100.98,0.0149,-39.55
985,GERMANY,2024,16644.27,2.4541,0.26
986,GHANA,2024,1416.9,0.2089,-25.8
987,GIBRALTAR,2024,0.3,0.0,-99.58
988,GREECE,2024,884.4,0.1304,-23.62
989,GREENLAND,2024,0.0,,
990,GRENADA,2024,1.91,0.0003,32.16
991,GUADELOUPE,2024,0.01,0.0,-96.86
992,GUAM,2024,0.01,0.0,-92.3
993,GUATEMALA,2024,30.27,0.0045,46.24
994,GUERNSEY,2024,0.02,0.0,260.38
995,GUINEA,2024,1384.92,0.2042,-33.51
996,GUINEA BISSAU,2024,75.19,0.0111,-55.75
997,GUYANA,2024,6.61,0.001,56.69
998,HAITI,2024,15.26,0.0023,26.54
999,HONDURAS,2024,30.61,0.0045,98.47
1000,HONG KONG,2024,20448.41,3.015,11.89
1001,HUNGARY,2024,306.81,0.0452,-0.12
1002,ICELAND,2024,5.98,0.0009,20.74
1003,INDONESIA,2024,23410.61,3.4518,-18.77
1004,IRAN,2024,625.14,0.0922,-6.99
1005,IRAQ,2024,29961.36,4.4177,-12.87
1006,IRELAND,2024,5681.45,0.8377,56.49
1007,ISRAEL,2024,2007.18,0.296,-13.6
1008,ITALY,2024,5796.48,0.8547,3.66
1009,JAMAICA,2024,7.48,0.0011,49.91
1010,JAPAN,2024,17695.52,2.6091,7.28
1011,JORDAN,2024,1410.63,0.208,-38.41
1012,KAZAKHSTAN,2024,95.14,0.014,-53.62
1013,KENYA,2024,176.34,0.026,51.13
1014,KOREA DP RP,2024,1.41,0.0002,-43.19
1015,KOREA RP,2024,21135.38,3.1163,-0.43
1016,KUWAIT,2024,8362.82,1.2331,-31.72
1017,KYRGHYZSTAN,2024,9.34,0.0014,122.97
1018,LAO PD RP,2024,99.73,0.0147,34.24
1019,LATVIA,2024,183.69,0.0271,-26.56
1020,LEBANON,2024,112.9,0.0166,22.07
1021,LESOTHO,2024,0.07,0.0,3227.1
1022,LIBERIA,2024,12.46,0.0018,-53.5
1023,LIBYA,2024,238.55,0.0352,-67.32
1024,LIECHTENSTEIN,2024,8.52,0.0013,333.4
1025,LITHUANIA,2024,136.39,0.0201,19.39
1026,LUXEMBOURG,2024,265.05,0.0391,162.91
1027,MACAO,2024,7.55,0.0011,-43.66
1028,MACEDONIA,2024,0.73,0.0001,-46.73
1029,MADAGASCAR,2024,191.53,0.0282,47.91
1030,MALAWI,2024,58.49,0.0086,36.81
1031,MALAYSIA,2024,12754.01,1.8805,0.15
1032,MALDIVES,2024,86.64,0.0128,-82.55
1033,MALI,2024,29.35,0.0043,46.6
1034,MALTA,2024,35.67,0.0053,-30.52
1035,MARSHALL ISLAND,2024,0.36,0.0001,-58.44
1036,MARTINIQUE,2024,0.6,0.0001,-50.68
1037,MAURITANIA,2024,19.16,0.0028,-91.73
1038,MAURITIUS,2024,73.1,0.0108,-20.11
1039,MAYOTTE,2024,1.58,0.0002,115.7
1040,MEXICO,2024,3104.23,0.4577,-19.74
1041,MICRONESIA,2024,0.0,0.0,
1042,MOLDOVA,2024,4.24,0.0006,8.04
1043,MONACO,2024,0.64,0.0001,-36.2
1044,MONGOLIA,2024,1.02,0.0002,9.15
1045,MONTENEGRO,2024,1.74,0.0003,1714.87
1046,MONTSERRAT,2024,0.0,,
1047,MOROCCO,2024,1404.28,0.2071,-44.92
1048,MOZAMBIQUE,2024,2419.11,0.3567,-4.08
1049,MYANMAR,2024,1075.65,0.1586,12.66
1050,N. MARIANA IS.,2024,0.0,0.0,-99.74
1051,NAMIBIA,2024,360.37,0.0531,859.95
1052,NAURU RP,2024,0.0,0.0,-89.56
1053,NEPAL,2024,831.11,0.1225,-1.24
1054,NETHERLAND,2024,4966.49,0.7323,-16.69
1055,NETHERLANDANTIL,2024,19.63,0.0029,8.72
1056,NEW CALEDONIA,2024,24.99,0.0037,247.69
1057,NEW ZEALAND,2024,335.07,0.0494,-29.86
1058,NICARAGUA,2024,47.99,0.0071,350.88
1059,NIGER,2024,139.27,0.0205,16.55
1060,NIGERIA,2024,4229.8,0.6237,-36.8
1061,NIUE IS,2024,0.0,,
1062,NORFOLK IS,2024,0.13,0.0,-36.46
1063,NORWAY,2024,793.85,0.117,-15.37
1064,OMAN,2024,4520.84,0.6666,-42.86
1065,PAKISTAN IR,2024,2.88,0.0004,-85.69
1066,PALAU,2024,2.08,0.0003,
1067,PANAMA REPUBLIC,2024,371.3,0.0547,31.04
1068,PAPUA N GNA,2024,471.86,0.0696,-26.66
1069,PARAGUAY,2024,30.51,0.0045,54.13
1070,PERU,2024,3114.31,0.4592,38.37
1071,PHILIPPINES,2024,1433.6,0.2114,49.4
1072,PITCAIRN IS.,2024,0.0,,
1073,POLAND,2024,1504.26,0.2218,10.09
1074,PORTUGAL,2024,178.33,0.0263,-9.06
1075,PUERTO RICO,2024,144.44,0.0213,20.96
1076,QATAR,2024,12342.51,1.8199,-26.57
1077,REUNION,2024,35.36,0.0052,22.52
1078,ROMANIA,2024,1200.04,0.1769,113.45
1079,RUSSIA,2024,61159.3,9.0177,32.34
1080,RWANDA,2024,11.76,0.0017,-70.75
1081,SAMOA,2024,22.09,0.0033,40.14
1082,SAN MARINO,2024,0.07,0.0,2.16
1083,SAO TOME,2024,0.02,0.0,389.6
1084,SAUDI ARAB,2024,31416.37,4.6322,-25.26
1085,SENEGAL,2024,633.92,0.0935,-53.98
1086,SERBIA,2024,19.48,0.0029,42.03
1087,SEYCHELLES,2024,8.69,0.0013,-2.99
1088,SIERRA LEONE,2024,30.67,0.0045,-38.4
1089,SINGAPORE,2024,21199.25,3.1257,-10.15
1090,SINT MAARTEN (DUTCH PART),2024,0.0,0.0,
1091,SLOVAK REP,2024,67.6,0.01,-4.68
1092,SLOVENIA,2024,307.74,0.0454,3.33
1093,SOLOMON IS,2024,6.17,0.0009,-81.35
1094,SOMALIA,2024,28.21,0.0042,57.61
1095,SOUTH AFRICA,2024,10538.23,1.5538,1.35
1096,SOUTH SUDAN,2024,0.16,0.0,-85.74
1097,SPAIN,2024,2454.95,0.362,-18.21
1098,SRI LANKA DSR,2024,1424.23,0.21,32.1
1099,ST HELENA,2024,0.05,0.0,50.43
1100,ST KITT N A,2024,0.11,0.0,-91.09
1101,ST LUCIA,2024,1.23,0.0002,1028.07
1102,ST VINCENT,2024,0.1,0.0,
1103,STATE OF PALEST,2024,0.22,0.0,-47.69
1104,SUDAN,2024,330.55,0.0487,51.51
1105,SURINAME,2024,22.6,0.0033,-53.77
1106,SWAZILAND,2024,18.91,0.0028,284.38
1107,SWEDEN,2024,1744.35,0.2572,0.85
1108,SWITZERLAND,2024,21248.02,3.1329,34.53
1109,SYRIA,2024,18.33,0.0027,98.92
1110,TAIWAN,2024,8278.63,1.2207,0.17
1111,TAJIKISTAN,2024,0.01,0.0,-98.45
1112,TANZANIA REP,2024,3291.92,0.4854,29.54
1113,THAILAND,2024,9909.23,1.4611,-11.47
1114,TIMOR LESTE,2024,0.28,0.0,19642.25
1115,TOGO,2024,850.39,0.1254,57.24
1116,TOKELAU IS,2024,0.01,0.0,-60.27
1117,TONGA,2024,0.02,0.0,-49.53
1118,TRINIDAD,2024,259.9,0.0383,184.78
1119,TUNISIA,2024,236.58,0.0349,-43.84
1120,TURKEY,2024,3780.29,0.5574,-10.18
1121,TURKMENISTAN,2024,74.93,0.011,-26.34
1122,TURKS C IS,2024,0.43,0.0001,1057.26
1123,U ARAB EMTS,2024,48025.58,7.0812,-9.78
1124,U K,2024,8413.59,1.2405,-6.11
1125,U S A,2024,42195.49,6.2216,-17.04
1126,UGANDA,2024,880.83,0.1299,78.73
1127,UKRAINE,2024,539.86,0.0796,-16.98
1128,UNSPECIFIED,2024,68.72,0.0101,-27.87
1129,URUGUAY,2024,134.63,0.0199,-32.25
1130,US MINOR OUTLYING ISLANDS,2024,0.03,0.0,-65.36
1131,UZBEKISTAN,2024,98.8,0.0146,104.14
1132,VANUATU REP,2024,0.0,0.0,
1133,VATICAN CITY,2024,0.09,0.0,357.6
1134,VENEZUELA,2024,999.69,0.1474,295.37
1135,VIETNAM SOC REP,2024,9345.07,1.3779,6.26
1136,VIRGIN IS US,2024,84.29,0.0124,8205.64
1137,WALLIS F IS,2024,0.01,0.0,
1138,YEMEN REPUBLC,2024,191.02,0.0282,18.71
1139,ZAMBIA,2024,204.08,0.0301,10.35
1140,ZIMBABWE,2024,16.55,0.0024,80.27
1141,500,2025,0.0,,
1142,AFGHANISTAN,2025,689.81,0.0956,7.4
1143,ALBANIA,2025,6.9,0.001,-9.19
1144,ALGERIA,2025,760.06,0.1054,-14.17
1145,AMERI SAMOA,2025,0.01,0.0,-68.99
1146,ANDORRA,2025,0.07,0.0,42.15
1147,ANGOLA,2025,4509.08,0.6252,29.01
1148,ANGUILLA,2025,0.13,0.0,-57.34
1149,ANTARTICA,2025,0.29,0.0,-42.78
1150,ANTIGUA,2025,0.78,0.0001,-7.64
1151,ARGENTINA,2025,3736.89,0.5181,49.71
1152,ARMENIA,2025,50.67,0.007,40.41
1153,ARUBA,2025,0.63,0.0001,-46.03
1154,AUSTRALIA,2025,15526.46,2.1529,-3.92
1155,AUSTRIA,2025,949.09,0.1316,2.91
1156,AZERBAIJAN,2025,2.21,0.0003,200.56
1157,BAHAMAS,2025,6.08,0.0008,-70.81
1158,BAHARAIN IS,2025,843.44,0.1169,1.69
1159,BANGLADESH PR,2025,2005.04,0.278,8.69
1160,BARBADOS,2025,1.6,0.0002,-50.74
1161,BELARUS,2025,37.17,0.0052,144.27
1162,BELGIUM,2025,6589.99,0.9138,-8.94
1163,BELIZE,2025,0.77,0.0001,-95.87
1164,BENIN,2025,130.51,0.0181,-39.17
1165,BERMUDA,2025,0.03,0.0,
1166,BHUTAN,2025,641.71,0.089,89.23
1167,BOLIVIA,2025,369.46,0.0512,-66.02
1168,BOSNIA-HRZGOVIN,2025,6.81,0.0009,31.16
1169,BOTSWANA,2025,332.9,0.0462,1.88
1170,BR VIRGN IS,2025,3.83,0.0005,-97.3
1171,BRAZIL,2025,5435.01,0.7536,-12.46
1172,BRUNEI,2025,128.79,0.0179,-41.13
1173,BULGARIA,2025,296.69,0.0411,54.27
1174,BURKINA FASO,2025,80.43,0.0112,-60.39
1175,BURUNDI,2025,1.22,0.0002,
1176,C AFRI REP,2025,131.54,0.0182,55859.7
1177,CAMBODIA,2025,97.6,0.0135,-55.31
1178,CAMEROON,2025,337.4,0.0468,-57.19
1179,CANADA,2025,4447.13,0.6166,-2.33
1180,CAPE VERDE IS,2025,5.05,0.0007,8.83
1181,CAYMAN IS,2025,79.63,0.011,19072744.59
1182,CHAD,2025,23.1,0.0032,534.44
1183,CHILE,2025,2604.28,0.3611,72.0
1184,CHINA P RP,2025,113447.34,15.7304,11.51
1185,CHRISTMAS IS.,2025,0.06,0.0,
1186,COCOS IS,2025,0.03,0.0,
1187,COLOMBIA,2025,3245.26,0.45,5.73
1188,COMOROS,2025,13.84,0.0019,-25.77
1189,CONGO D. REP.,2025,443.22,0.0615,111.63
1190,CONGO P REP,2025,370.19,0.0513,202.46
1191,COSTA RICA,2025,115.0,0.0159,-2.41
1192,COTE D' IVOIRE,2025,554.55,0.0769,44.06
1193,CROATIA,2025,76.74,0.0106,32.17
1194,CUBA,2025,3.19,0.0004,45.6
1195,CYPRUS,2025,48.82,0.0068,18.36
1196,CZECH REPUBLIC,2025,726.49,0.1007,-1.27
1197,DENMARK,2025,790.75,0.1096,-13.82
1198,DJIBOUTI,2025,18.56,0.0026,-16.61
1199,DOMINIC REP,2025,730.02,0.1012,27.97
1200,DOMINICA,2025,0.4,0.0001,-20.56
1201,ECUADOR,2025,351.84,0.0488,-55.86
1202,EGYPT A RP,2025,1328.53,0.1842,14.78
1203,EL SALVADOR,2025,3.79,0.0005,45.69
1204,EQUTL GUINEA,2025,444.14,0.0616,38.66
1205,ESTONIA,2025,115.2,0.016,-16.53
1206,ETHIOPIA,2025,73.38,0.0102,-10.43
1207,FIJI IS,2025,1.54,0.0002,30.14
1208,FINLAND,2025,838.03,0.1162,-8.26
1209,FR GUIANA,2025,0.7,0.0001,10.2
1210,FR POLYNESIA,2025,0.3,0.0,12.56
1211,FRANCE,2025,7231.39,1.0027,-9.28
1212,GABON,2025,315.77,0.0438,-0.66
1213,GAMBIA,2025,45.04,0.0062,8.76
1214,GEORGIA,2025,74.66,0.0104,-26.06
1215,GERMANY,2025,18947.62,2.6272,13.84
1216,GHANA,2025,1790.54,0.2483,26.37
1217,GIBRALTAR,2025,0.11,0.0,-62.1
1218,GREECE,2025,382.04,0.053,-56.8
1219,GRENADA,2025,0.29,0.0,-84.96
1220,GUADELOUPE,2025,0.74,0.0001,7297.41
1221,GUAM,2025,0.01,0.0,8.47
1222,GUATEMALA,2025,28.98,0.004,-4.27
1223,GUERNSEY,2025,0.0,,
1224,GUINEA,2025,679.96,0.0943,-50.9
1225,GUINEA BISSAU,2025,181.38,0.0251,141.24
1226,GUYANA,2025,4.34,0.0006,-34.31
1227,HAITI,2025,8.54,0.0012,-44.02
1228,HEARD MACDONALD,2025,0.0,0.0,
1229,HONDURAS,2025,35.31,0.0049,15.36
1230,HONG KONG,2025,19729.22,2.7356,-3.52
1231,HUNGARY,2025,474.35,0.0658,54.61
1232,ICELAND,2025,11.05,0.0015,84.96
1233,INDONESIA,2025,22778.03,3.1584,-2.7
1234,IRAN,2025,441.83,0.0613,-29.32
1235,IRAQ,2025,28891.2,4.006,-3.57
1236,IRELAND,2025,5129.02,0.7112,-9.72
1237,ISRAEL,2025,1481.48,0.2054,-26.19
1238,ITALY,2025,6014.4,0.8339,3.76
1239,JAMAICA,2025,8.69,0.0012,16.15
1240,JAPAN,2025,18915.34,2.6228,6.89
1241,JORDAN,2025,1911.6,0.2651,35.51
1242,KAZAKHSTAN,2025,86.19,0.012,-9.4
1243,KENYA,2025,318.7,0.0442,80.74
1244,KIRIBATI REP,2025,0.02,0.0,
1245,KOREA DP RP,2025,0.0,,
1246,KOREA RP,2025,21064.21,2.9207,-0.34
1247,KUWAIT,2025,8285.74,1.1489,-0.92
1248,KYRGHYZSTAN,2025,7.43,0.001,-20.41
1249,LAO PD RP,2025,11.63,0.0016,-88.34
1250,LATVIA,2025,237.0,0.0329,29.02
1251,LEBANON,2025,85.17,0.0118,-24.56
1252,LESOTHO,2025,0.98,0.0001,1303.18
1253,LIBERIA,2025,20.39,0.0028,63.64
1254,LIBYA,2025,223.86,0.031,-6.16
1255,LIECHTENSTEIN,2025,1.82,0.0003,-78.65
1256,LITHUANIA,2025,164.33,0.0228,20.49
1257,LUXEMBOURG,2025,96.02,0.0133,-63.77
1258,MACAO,2025,39.43,0.0055,422.38
1259,MACEDONIA,2025,2.01,0.0003,174.1
1260,MADAGASCAR,2025,186.94,0.0259,-2.4
1261,MALAWI,2025,76.08,0.0105,30.06
1262,MALAYSIA,2025,12538.68,1.7386,-1.69
1263,MALDIVES,2025,118.82,0.0165,37.14
1264,MALI,2025,82.52,0.0114,181.14
1265,MALTA,2025,24.01,0.0033,-32.7
1266,MARSHALL ISLAND,2025,6.83,0.0009,1771.5
1267,MARTINIQUE,2025,0.51,0.0001,-14.86
1268,MAURITANIA,2025,22.63,0.0031,18.13
1269,MAURITIUS,2025,210.82,0.0292,188.41
1270,MAYOTTE,2025,1.54,0.0002,-2.87
1271,MEXICO,2025,2869.02,0.3978,-7.58
1272,MICRONESIA,2025,0.0,0.0,-91.7
1273,MOLDOVA,2025,1.2,0.0002,-71.63
1274,MONACO,2025,2.2,0.0003,246.3
1275,MONGOLIA,2025,0.11,0.0,-89.25
1276,MONTENEGRO,2025,1.75,0.0002,0.41
1277,MOROCCO,2025,1590.39,0.2205,13.25
1278,MOZAMBIQUE,2025,2097.24,0.2908,-13.31
1279,MYANMAR,2025,1533.95,0.2127,42.61
1280,N. MARIANA IS.,2025,0.0,,
1281,NAMIBIA,2025,241.19,0.0334,-33.07
1282,NAURU RP,2025,0.06,0.0,2230.59
1283,NEPAL,2025,1288.83,0.1787,55.07
1284,NETHERLAND,2025,4994.81,0.6926,0.57
1285,NETHERLANDANTIL,2025,3.75,0.0005,-80.87
1286,NEW CALEDONIA,2025,7.07,0.001,-71.7
1287,NEW ZEALAND,2025,587.13,0.0814,75.22
1288,NICARAGUA,2025,23.98,0.0033,-50.04
1289,NIGER,2025,32.92,0.0046,-76.36
1290,NIGERIA,2025,4192.22,0.5813,-0.89
1291,NORFOLK IS,2025,0.34,0.0,155.43
1292,NORWAY,2025,632.8,0.0877,-20.29
1293,OMAN,2025,6548.73,0.908,44.86
1294,PAKISTAN IR,2025,0.46,0.0001,-84.16
1295,PALAU,2025,0.0,,
1296,PANAMA REPUBLIC,2025,165.88,0.023,-55.32
1297,PAPUA N GNA,2025,363.17,0.0504,-23.04
1298,PARAGUAY,2025,33.41,0.0046,9.5
1299,PERU,2025,4981.09,0.6907,59.94
1300,PHILIPPINES,2025,1178.4,0.1634,-17.8
1301,PITCAIRN IS.,2025,0.01,0.0,
1302,POLAND,2025,1266.23,0.1756,-15.82
1303,PORTUGAL,2025,205.92,0.0286,15.47
1304,PUERTO RICO,2025,267.27,0.0371,85.03
1305,QATAR,2025,12463.79,1.7282,0.98
1306,REUNION,2025,28.88,0.004,-18.33
1307,ROMANIA,2025,410.17,0.0569,-65.82
1308,RUSSIA,2025,63811.44,8.848,4.34
1309,RWANDA,2025,13.69,0.0019,16.47
1310,SAMOA,2025,3.7,0.0005,-83.24
1311,SAN MARINO,2025,0.11,0.0,70.9
1312,SAO TOME,2025,0.0,,
1313,SAUDI ARAB,2025,30121.12,4.1765,-4.12
1314,SENEGAL,2025,739.48,0.1025,16.65
1315,SERBIA,2025,24.69,0.0034,26.76
1316,SEYCHELLES,2025,150.87,0.0209,1635.88
1317,SIERRA LEONE,2025,22.95,0.0032,-25.19
1318,SINGAPORE,2025,21282.12,2.9509,0.39
1319,SINT MAARTEN (DUTCH PART),2025,0.0,,
1320,SLOVAK REP,2025,74.23,0.0103,9.8
1321,SLOVENIA,2025,259.88,0.036,-15.55
1322,SOLOMON IS,2025,13.56,0.0019,119.71
1323,SOMALIA,2025,35.2,0.0049,24.8
1324,SOUTH AFRICA,2025,10547.45,1.4625,0.09
1325,SOUTH SUDAN,2025,0.15,0.0,-8.04
1326,SPAIN,2025,2217.7,0.3075,-9.66
1327,SRI LANKA DSR,2025,1302.97,0.1807,-8.51
1328,ST HELENA,2025,0.02,0.0,-69.11
1329,ST KITT N A,2025,0.09,0.0,-21.95
1330,ST LUCIA,2025,1.59,0.0002,29.11
1331,ST VINCENT,2025,0.15,0.0,53.76
1332,STATE OF PALEST,2025,0.04,0.0,-80.82
1333,SUDAN,2025,427.55,0.0593,29.34
1334,SURINAME,2025,32.8,0.0045,45.08
1335,SWAZILAND,2025,33.61,0.0047,77.75
1336,SWEDEN,2025,2120.23,0.294,21.55
1337,SWITZERLAND,2025,21795.8,3.0222,2.58
1338,SYRIA,2025,16.18,0.0022,-11.74
1339,TAIWAN,2025,10006.95,1.3875,20.88
1340,TAJIKISTAN,2025,0.0,0.0,-91.54
1341,TANZANIA REP,2025,3850.64,0.5339,16.97
1342,THAILAND,2025,14267.08,1.9782,43.98
1343,TIMOR LESTE,2025,0.01,0.0,-98.23
1344,TOGO,2025,925.13,0.1283,8.79
1345,TOKELAU IS,2025,0.03,0.0,232.5
1346,TONGA,2025,0.0,,
1347,TRINIDAD,2025,220.96,0.0306,-14.98
1348,TUNISIA,2025,143.72,0.0199,-39.25
1349,TURKEY,2025,2993.27,0.415,-20.82
1350,TURKMENISTAN,2025,162.02,0.0225,116.22
1351,TURKS C IS,2025,0.32,0.0,-26.18
1352,U ARAB EMTS,2025,63403.01,8.7913,32.02
1353,U K,2025,8582.78,1.1901,2.01
1354,U S A,2025,45625.2,6.3263,8.13
1355,UGANDA,2025,230.7,0.032,-73.81
1356,UKRAINE,2025,1036.88,0.1438,92.06
1357,UNSPECIFIED,2025,159.57,0.0221,132.21
1358,URUGUAY,2025,152.51,0.0211,13.28
1359,US MINOR OUTLYING ISLANDS,2025,0.27,0.0,688.44
1360,UZBEKISTAN,2025,14.69,0.002,-85.13
1361,VANUATU REP,2025,0.58,0.0001,262314.17
1362,VATICAN CITY,2025,0.12,0.0,25.63
1363,VENEZUELA,2025,1646.71,0.2283,64.72
1364,VIETNAM SOC REP,2025,10333.95,1.4329,10.58
1365,VIRGIN IS US,2025,0.24,0.0,-99.72
1366,WALLIS F IS,2025,0.0,,
1367,YEMEN REPUBLC,2025,154.99,0.0215,-18.86
1368,ZAMBIA,2025,167.0,0.0232,-18.17
1369,ZIMBABWE,2025,17.68,0.0025,6.85
1370,AFGHANISTAN,2019,435.44,0.0847,0.38
1371,ALBANIA,2019,22.62,0.0044,-41.81
1372,ALGERIA,2019,1696.96,0.3301,34.57
1373,AMERI SAMOA,2019,0.0,0.0,-99.84
1374,ANDORRA,2019,0.04,0.0,
1375,ANGOLA,2019,4027.49,0.7834,-6.85
1376,ANGUILLA,2019,0.19,0.0,4.87
1377,ANTARTICA,2019,0.03,0.0,-35.22
1378,ANTIGUA,2019,0.15,0.0,537.07
1379,ARGENTINA,2019,1954.99,0.3803,-12.3
1380,ARMENIA,2019,0.91,0.0002,39.72
1381,ARUBA,2019,0.55,0.0001,36.23
1382,AUSTRALIA,2019,13131.21,2.5543,-6.16
1383,AUSTRIA,2019,716.43,0.1394,-26.39
1384,AZERBAIJAN,2019,147.87,0.0288,-75.05
1385,BAHAMAS,2019,39.21,0.0076,-2.61
1386,BAHARAIN IS,2019,539.63,0.105,25.17
1387,BANGLADESH PR,2019,1044.8,0.2032,52.38
1388,BARBADOS,2019,1.74,0.0003,777.36
1389,BELARUS,2019,227.19,0.0442,9.33
1390,BELGIUM,2019,10469.22,2.0365,74.68
1391,BELIZE,2019,0.65,0.0001,-51.89
1392,BENIN,2019,375.81,0.0731,68.51
1393,BERMUDA,2019,7.69,0.0015,179987.03
1394,BHUTAN,2019,370.96,0.0722,-1.86
1395,BOLIVIA,2019,852.21,0.1658,27.72
1396,BOSNIA-HRZGOVIN,2019,2.45,0.0005,-71.95
1397,BOTSWANA,2019,974.48,0.1896,-40.52
1398,BR VIRGN IS,2019,16.83,0.0033,1806.52
1399,BRAZIL,2019,4406.43,0.8572,-19.86
1400,BRUNEI,2019,591.1,0.115,35.94
1401,BULGARIA,2019,125.66,0.0244,-11.47
1402,BURKINA FASO,2019,881.27,0.1714,39.32
1403,BURUNDI,2019,4.55,0.0009,-72.47
1404,C AFRI REP,2019,2.02,0.0004,-79.51
1405,CAMBODIA,2019,42.63,0.0083,-23.65
1406,CAMEROON,2019,343.2,0.0668,61.27
1407,CANADA,2019,3515.41,0.6838,-25.66
1408,CAPE VERDE IS,2019,2.91,0.0006,3.21
1409,CAYMAN IS,2019,0.23,0.0,-96.36
1410,CHAD,2019,476.13,0.0926,218.55
1411,CHILE,2019,1237.55,0.2407,-40.85
1412,CHINA P RP,2019,70319.64,13.6788,-7.94
1413,CHRISTMAS IS.,2019,0.0,,
1414,COCOS IS,2019,0.0,0.0,-51.14
1415,COLOMBIA,2019,1054.98,0.2052,77.97
1416,COMOROS,2019,32.39,0.0063,-13.09
1417,CONGO D. REP.,2019,19.01,0.0037,-91.57
1418,CONGO P REP,2019,405.65,0.0789,104.04
1419,COOK IS,2019,0.02,0.0,167.67
1420,COSTA RICA,2019,50.56,0.0098,-24.86
1421,COTE D' IVOIRE,2019,603.05,0.1173,36.53
1422,CROATIA,2019,38.92,0.0076,21.43
1423,CUBA,2019,3.8,0.0007,84.94
1424,CYPRUS,2019,393.78,0.0766,2826.56
1425,CZECH REPUBLIC,2019,258.84,0.0504,-61.34
1426,DENMARK,2019,537.3,0.1045,-4.83
1427,DJIBOUTI,2019,15.82,0.0031,190.74
1428,DOMINIC REP,2019,566.57,0.1102,-12.27
1429,DOMINICA,2019,0.31,0.0001,13.3
1430,ECUADOR,2019,219.25,0.0426,13.03
1431,EGYPT A RP,2019,1677.82,0.3264,29.77
1432,EL SALVADOR,2019,4.2,0.0008,-53.44
1433,EQUTL GUINEA,2019,634.12,0.1234,-16.08
1434,ERITREA,2019,0.0,0.0,-99.96
1435,ESTONIA,2019,108.21,0.021,78.75
1436,ETHIOPIA,2019,55.01,0.0107,15.93
1437,FAROE IS.,2019,0.03,0.0,439.06
1438,FIJI IS,2019,0.71,0.0001,45.84
1439,FINLAND,2019,1124.08,0.2187,-19.78
1440,FR GUIANA,2019,1.82,0.0004,113.99
1441,FR POLYNESIA,2019,0.01,0.0,-86.06
1442,FRANCE,2019,6665.67,1.2966,2.17
1443,GABON,2019,456.01,0.0887,15.33
1444,GAMBIA,2019,45.05,0.0088,-23.22
1445,GEORGIA,2019,22.18,0.0043,-17.96
1446,GERMANY,2019,15161.08,2.9492,14.03
1447,GHANA,2019,3763.41,0.7321,38.87
1448,GIBRALTAR,2019,0.03,0.0,450.31
1449,GREECE,2019,144.02,0.028,49.86
1450,GREENLAND,2019,0.0,,
1451,GRENADA,2019,0.48,0.0001,79.11
1452,GUADELOUPE,2019,0.37,0.0001,5512.48
1453,GUAM,2019,0.0,0.0,
1454,GUATEMALA,2019,16.27,0.0032,1.9
1455,GUERNSEY,2019,0.0,,
1456,GUINEA,2019,414.26,0.0806,-19.5
1457,GUINEA BISSAU,2019,123.79,0.0241,-51.68
1458,GUYANA,2019,6.42,0.0012,-2.67
1459,HAITI,2019,13.75,0.0027,66.57
1460,HONDURAS,2019,18.25,0.0035,36.96
1461,HONG KONG,2019,17987.01,3.4989,68.48
1462,HUNGARY,2019,241.15,0.0469,-10.96
1463,ICELAND,2019,8.67,0.0017,17.11
1464,INDONESIA,2019,15849.67,3.0831,-3.58
1465,IRAN,2019,13525.64,2.631,21.73
1466,IRAQ,2019,22372.47,4.352,27.0
1467,IRELAND,2019,422.52,0.0822,-46.85
1468,ISRAEL,2019,1931.58,0.3757,-6.53
1469,ITALY,2019,5292.38,1.0295,12.44
1470,JAMAICA,2019,5.01,0.001,15.06
1471,JAPAN,2019,12772.67,2.4846,16.4
1472,JERSEY,2019,0.05,0.0,
1473,JORDAN,2019,1116.25,0.2171,13.33
1474,KAZAKHSTAN,2019,708.78,0.1379,-21.89
1475,KENYA,2019,137.12,0.0267,88.96
1476,KIRIBATI REP,2019,0.22,0.0,
1477,KOREA DP RP,2019,3.01,0.0006,-87.98
1478,KOREA RP,2019,16758.97,3.26,2.43
1479,KUWAIT,2019,7430.82,1.4455,3.7
1480,KYRGHYZSTAN,2019,2.59,0.0005,-91.64
1481,LAO PD RP,2019,1.04,0.0002,-99.39
1482,LATVIA,2019,158.44,0.0308,201.04
1483,LEBANON,2019,43.94,0.0085,14.2
1484,LESOTHO,2019,0.0,0.0,-100.0
1485,LIBERIA,2019,141.21,0.0275,284.14
1486,LIBYA,2019,146.16,0.0284,45.23
1487,LIECHTENSTEIN,2019,3.6,0.0007,125.1
1488,LITHUANIA,2019,212.13,0.0413,12.01
1489,LUXEMBOURG,2019,131.9,0.0257,147.77
1490,MACAO,2019,6.29,0.0012,-24.12
1491,MACEDONIA,2019,24.08,0.0047,-48.33
1492,MADAGASCAR,2019,293.11,0.057,74.82
1493,MALAWI,2019,22.8,0.0044,38.61
1494,MALAYSIA,2019,10818.6,2.1045,20.05
1495,MALDIVES,2019,20.41,0.004,259.57
1496,MALI,2019,18.31,0.0036,-83.96
1497,MALTA,2019,43.76,0.0085,174.43
1498,MARSHALL ISLAND,2019,0.51,0.0001,369.55
1499,MARTINIQUE,2019,0.81,0.0002,
1500,MAURITANIA,2019,15.77,0.0031,189.49
1501,MAURITIUS,2019,71.59,0.0139,245.96
1502,MAYOTTE,2019,0.19,0.0,10273.84
1503,MEXICO,2019,5577.03,1.0849,41.9
1504,MOLDOVA,2019,0.39,0.0001,-75.24
1505,MONACO,2019,0.27,0.0001,-74.37
1506,MONGOLIA,2019,1.01,0.0002,-41.32
1507,MONTENEGRO,2019,0.13,0.0,1206.92
1508,MONTSERRAT,2019,0.06,0.0,477449.35
1509,MOROCCO,2019,1326.69,0.2581,70.17
1510,MOZAMBIQUE,2019,1097.43,0.2135,17.78
1511,MYANMAR,2019,521.49,0.1014,-18.47
1512,N. MARIANA IS.,2019,0.02,0.0,-87.84
1513,NAMIBIA,2019,53.55,0.0104,-13.91
1514,NAURU RP,2019,0.16,0.0,1145.73
1515,NEPAL,2019,508.14,0.0988,15.91
1516,NETHERLAND,2019,4062.8,0.7903,61.7
1517,NETHERLANDANTIL,2019,9.64,0.0019,17.77
1518,NEW CALEDONIA,2019,0.21,0.0,-97.8
1519,NEW ZEALAND,2019,630.78,0.1227,-2.01
1520,NICARAGUA,2019,3.6,0.0007,-13.54
1521,NIGER,2019,0.65,0.0001,-96.79
1522,NIGERIA,2019,10884.71,2.1173,14.56
1523,NIUE IS,2019,0.0,,
1524,NORFOLK IS,2019,0.14,0.0,-68.81
1525,NORWAY,2019,366.47,0.0713,-56.48
1526,OMAN,2019,2759.0,0.5367,-35.3
1527,PAKISTAN IR,2019,494.87,0.0963,1.29
1528,PALAU,2019,3.22,0.0006,311.17
1529,PANAMA REPUBLIC,2019,38.88,0.0076,-10.26
1530,PAPUA N GNA,2019,88.96,0.0173,-54.66
1531,PARAGUAY,2019,20.97,0.0041,-87.43
1532,PERU,2019,2405.4,0.4679,1.2
1533,PHILIPPINES,2019,581.1,0.113,-23.98
1534,PITCAIRN IS.,2019,0.03,0.0,-85.09
1535,POLAND,2019,793.39,0.1543,3.44
1536,PORTUGAL,2019,132.83,0.0258,-30.15
1537,PUERTO RICO,2019,39.05,0.0076,-47.85
1538,QATAR,2019,10721.7,2.0856,27.5
1539,REUNION,2019,18.16,0.0035,0.58
1540,ROMANIA,2019,315.29,0.0613,-23.42
1541,RUSSIA,2019,5840.44,1.1361,-31.88
1542,RWANDA,2019,6.68,0.0013,25.03
1543,SAMOA,2019,2.75,0.0005,975.33
1544,SAN MARINO,2019,0.21,0.0,-66.83
1545,SAO TOME,2019,0.01,0.0,
1546,SAUDI ARAB,2019,28479.21,5.5399,29.04
1547,SENEGAL,2019,658.99,0.1282,16.65
1548,SERBIA,2019,21.45,0.0042,-11.04
1549,SEYCHELLES,2019,5.27,0.001,284.78
1550,SIERRA LEONE,2019,11.73,0.0023,-51.47
1551,SINGAPORE,2019,16281.64,3.1672,118.05
1552,SLOVAK REP,2019,57.42,0.0112,-39.69
1553,SLOVENIA,2019,248.62,0.0484,121.82
1554,SOLOMON IS,2019,58.81,0.0114,-13.16
1555,SOMALIA,2019,18.33,0.0036,416.81
1556,SOUTH AFRICA,2019,6517.33,1.2678,-4.64
1557,SOUTH SUDAN,2019,89.97,0.0175,27.51
1558,SPAIN,2019,1680.5,0.3269,1.03
1559,SRI LANKA DSR,2019,1488.4,0.2895,92.64
1560,ST HELENA,2019,0.07,0.0,148.89
1561,ST KITT N A,2019,0.0,0.0,158.39
1562,ST LUCIA,2019,0.57,0.0001,78.52
1563,ST VINCENT,2019,0.02,0.0,
1564,STATE OF PALEST,2019,1.19,0.0002,
1565,SUDAN,2019,742.63,0.1445,64.28
1566,SURINAME,2019,89.39,0.0174,-3.63
1567,SWAZILAND,2019,9.6,0.0019,7.67
1568,SWEDEN,2019,1326.85,0.2581,-9.4
1569,SWITZERLAND,2019,18087.58,3.5184,-4.42
1570,SYRIA,2019,14.17,0.0028,-44.78
1571,TAIWAN,2019,4577.25,0.8904,16.58
1572,TAJIKISTAN,2019,4.24,0.0008,-91.57
1573,TANZANIA REP,2019,903.47,0.1757,-12.26
1574,THAILAND,2019,7441.81,1.4476,4.31
1575,TIMOR LESTE,2019,0.0,,
1576,TOGO,2019,303.93,0.0591,85.54
1577,TOKELAU IS,2019,0.02,0.0,-68.47
1578,TONGA,2019,0.05,0.0,
1579,TRINIDAD,2019,195.37,0.038,359.93
1580,TUNISIA,2019,137.87,0.0268,-1.7
1581,TURKEY,2019,2388.26,0.4646,12.01
1582,TURKMENISTAN,2019,20.63,0.004,-21.12
1583,TURKS C IS,2019,0.0,,
1584,TUVALU,2019,0.0,0.0,-83.0
1585,U ARAB EMTS,2019,29785.33,5.7939,37.01
1586,U K,2019,7561.93,1.471,57.32
1587,U S A,2019,35549.48,6.9152,33.59
1588,UGANDA,2019,23.06,0.0045,-58.97
1589,UKRAINE,2019,2341.03,0.4554,-0.63
1590,UNSPECIFIED,2019,89.74,0.0175,-99.02
1591,URUGUAY,2019,42.96,0.0084,72.0
1592,US MINOR OUTLYING ISLANDS,2019,0.08,0.0,-89.24
1593,UZBEKISTAN,2019,126.73,0.0247,24.65
1594,VANUATU REP,2019,0.0,,
1595,VATICAN CITY,2019,0.09,0.0,
1596,VENEZUELA,2019,7258.95,1.412,23.74
1597,VIETNAM SOC REP,2019,7192.23,1.3991,43.31
1598,VIRGIN IS US,2019,0.76,0.0001,168.08
1599,WALLIS F IS,2019,0.0,0.0,-99.45
1600,YEMEN REPUBLC,2019,11.77,0.0023,-92.31
1601,ZAMBIA,2019,510.5,0.0993,-53.38
1602,ZIMBABWE,2019,7.79,0.0015,-87.47
1603,AFGHANISTAN,2018,433.78,0.0932,NA
1604,ALBANIA,2018,38.86,0.0083,NA
1605,ALGERIA,2018,1260.98,0.2708,NA
1606,AMERI SAMOA,2018,0.3,0.0001,NA
1607,ANDORRA,2018,0.0,,NA
1608,ANGOLA,2018,4323.85,0.9287,NA
1609,ANGUILLA,2018,0.18,0.0,NA
1610,ANTARTICA,2018,0.05,0.0,NA
1611,ANTIGUA,2018,0.02,0.0,NA
1612,ARGENTINA,2018,2229.2,0.4788,NA
1613,ARMENIA,2018,0.65,0.0001,NA
1614,ARUBA,2018,0.4,0.0001,NA
1615,AUSTRALIA,2018,13993.75,3.0057,NA
1616,AUSTRIA,2018,973.33,0.2091,NA
1617,AZERBAIJAN,2018,592.61,0.1273,NA
1618,BAHAMAS,2018,40.26,0.0086,NA
1619,BAHARAIN IS,2018,431.12,0.0926,NA
1620,BANGLADESH PR,2018,685.65,0.1473,NA
1621,BARBADOS,2018,0.2,0.0,NA
1622,BELARUS,2018,207.81,0.0446,NA
1623,BELGIUM,2018,5993.41,1.2873,NA
1624,BELIZE,2018,1.36,0.0003,NA
1625,BENIN,2018,223.02,0.0479,NA
1626,BERMUDA,2018,0.0,0.0,NA
1627,BHUTAN,2018,377.99,0.0812,NA
1628,BOLIVIA,2018,667.25,0.1433,NA
1629,BOSNIA-HRZGOVIN,2018,8.75,0.0019,NA
1630,BOTSWANA,2018,1638.29,0.3519,NA
1631,BR VIRGN IS,2018,0.88,0.0002,NA
1632,BRAZIL,2018,5498.22,1.1809,NA
1633,BRUNEI,2018,434.83,0.0934,NA
1634,BULGARIA,2018,141.94,0.0305,NA
1635,BURKINA FASO,2018,632.57,0.1359,NA
1636,BURUNDI,2018,16.53,0.0036,NA
1637,C AFRI REP,2018,9.88,0.0021,NA
1638,CAMBODIA,2018,55.84,0.012,NA
1639,CAMEROON,2018,212.82,0.0457,NA
1640,CANADA,2018,4728.51,1.0156,NA
1641,CAPE VERDE IS,2018,2.82,0.0006,NA
1642,CAYMAN IS,2018,6.45,0.0014,NA
1643,CHAD,2018,149.47,0.0321,NA
1644,CHILE,2018,2092.15,0.4494,NA
1645,CHINA P RP,2018,76380.7,16.4055,NA
1646,CHRISTMAS IS.,2018,0.66,0.0001,NA
1647,COCOS IS,2018,0.0,0.0,NA
1648,COLOMBIA,2018,592.8,0.1273,NA
1649,COMOROS,2018,37.27,0.008,NA
1650,CONGO D. REP.,2018,225.42,0.0484,NA
1651,CONGO P REP,2018,198.81,0.0427,NA
1652,COOK IS,2018,0.01,0.0,NA
1653,COSTA RICA,2018,67.28,0.0145,NA
1654,COTE D' IVOIRE,2018,441.7,0.0949,NA
1655,CROATIA,2018,32.05,0.0069,NA
1656,CUBA,2018,2.06,0.0004,NA
1657,CYPRUS,2018,13.46,0.0029,NA
1658,CZECH REPUBLIC,2018,669.54,0.1438,NA
1659,DENMARK,2018,564.55,0.1213,NA
1660,DJIBOUTI,2018,5.44,0.0012,NA
1661,DOMINIC REP,2018,645.81,0.1387,NA
1662,DOMINICA,2018,0.28,0.0001,NA
1663,ECUADOR,2018,193.97,0.0417,NA
1664,EGYPT A RP,2018,1292.93,0.2777,NA
1665,EL SALVADOR,2018,9.02,0.0019,NA
1666,EQUTL GUINEA,2018,755.64,0.1623,NA
1667,ERITREA,2018,1.96,0.0004,NA
1668,ESTONIA,2018,60.54,0.013,NA
1669,ETHIOPIA,2018,47.45,0.0102,NA
1670,FAROE IS.,2018,0.01,0.0,NA
1671,FIJI IS,2018,0.49,0.0001,NA
1672,FINLAND,2018,1401.33,0.301,NA
1673,FR GUIANA,2018,0.85,0.0002,NA
1674,FR POLYNESIA,2018,0.07,0.0,NA
1675,FRANCE,2018,6524.16,1.4013,NA
1676,GABON,2018,395.39,0.0849,NA
1677,GAMBIA,2018,58.67,0.0126,NA
1678,GEORGIA,2018,27.04,0.0058,NA
1679,GERMANY,2018,13295.71,2.8557,NA
1680,GHANA,2018,2710.05,0.5821,NA
1681,GIBRALTAR,2018,0.01,0.0,NA
1682,GREECE,2018,96.11,0.0206,NA
1683,GREENLAND,2018,0.01,0.0,NA
1684,GRENADA,2018,0.27,0.0001,NA
1685,GUADELOUPE,2018,0.01,0.0,NA
1686,GUAM,2018,0.0,,NA
1687,GUATEMALA,2018,15.97,0.0034,NA
1688,GUERNSEY,2018,0.23,0.0001,NA
1689,GUINEA,2018,514.63,0.1105,NA
1690,GUINEA BISSAU,2018,256.2,0.055,NA
1691,GUYANA,2018,6.59,0.0014,NA
1692,HAITI,2018,8.26,0.0018,NA
1693,HONDURAS,2018,13.32,0.0029,NA
1694,HONG KONG,2018,10675.98,2.293,NA
1695,HUNGARY,2018,270.84,0.0582,NA
1696,ICELAND,2018,7.4,0.0016,NA
1697,INDONESIA,2018,16438.8,3.5308,NA
1698,IRAN,2018,11111.52,2.3866,NA
1699,IRAQ,2018,17615.81,3.7836,NA
1700,IRELAND,2018,795.01,0.1708,NA
1701,ISRAEL,2018,2066.51,0.4439,NA
1702,ITALY,2018,4706.89,1.011,NA
1703,JAMAICA,2018,4.35,0.0009,NA
1704,JAPAN,2018,10973.35,2.3569,NA
1705,JERSEY,2018,0.0,,NA
1706,JORDAN,2018,984.98,0.2116,NA
1707,KAZAKHSTAN,2018,907.43,0.1949,NA
1708,KENYA,2018,72.57,0.0156,NA
1709,KIRIBATI REP,2018,0.0,,NA
1710,KOREA DP RP,2018,25.08,0.0054,NA
1711,KOREA RP,2018,16361.77,3.5143,NA
1712,KUWAIT,2018,7165.69,1.5391,NA
1713,KYRGHYZSTAN,2018,30.94,0.0066,NA
1714,LAO PD RP,2018,168.63,0.0362,NA
1715,LATVIA,2018,52.63,0.0113,NA
1716,LEBANON,2018,38.47,0.0083,NA
1717,LESOTHO,2018,89.56,0.0192,NA
1718,LIBERIA,2018,36.76,0.0079,NA
1719,LIBYA,2018,100.64,0.0216,NA
1720,LIECHTENSTEIN,2018,1.6,0.0003,NA
1721,LITHUANIA,2018,189.38,0.0407,NA
1722,LUXEMBOURG,2018,53.24,0.0114,NA
1723,MACAO,2018,8.3,0.0018,NA
1724,MACEDONIA,2018,46.61,0.01,NA
1725,MADAGASCAR,2018,167.67,0.036,NA
1726,MALAWI,2018,16.45,0.0035,NA
1727,MALAYSIA,2018,9011.58,1.9356,NA
1728,MALDIVES,2018,5.68,0.0012,NA
1729,MALI,2018,114.14,0.0245,NA
1730,MALTA,2018,15.95,0.0034,NA
1731,MARSHALL ISLAND,2018,0.11,0.0,NA
1732,MARTINIQUE,2018,0.0,,NA
1733,MAURITANIA,2018,5.45,0.0012,NA
1734,MAURITIUS,2018,20.69,0.0044,NA
1735,MAYOTTE,2018,0.0,0.0,NA
1736,MEXICO,2018,3930.26,0.8442,NA
1737,MOLDOVA,2018,1.57,0.0003,NA
1738,MONACO,2018,1.07,0.0002,NA
1739,MONGOLIA,2018,1.72,0.0004,NA
1740,MONTENEGRO,2018,0.01,0.0,NA
1741,MONTSERRAT,2018,0.0,0.0,NA
1742,MOROCCO,2018,779.63,0.1675,NA
1743,MOZAMBIQUE,2018,931.75,0.2001,NA
1744,MYANMAR,2018,639.64,0.1374,NA
1745,N. MARIANA IS.,2018,0.17,0.0,NA
1746,NAMIBIA,2018,62.2,0.0134,NA
1747,NAURU RP,2018,0.01,0.0,NA
1748,NEPAL,2018,438.38,0.0942,NA
1749,NETHERLAND,2018,2512.63,0.5397,NA
1750,NETHERLANDANTIL,2018,8.19,0.0018,NA
1751,NEW CALEDONIA,2018,9.65,0.0021,NA
1752,NEW ZEALAND,2018,643.71,0.1383,NA
1753,NICARAGUA,2018,4.17,0.0009,NA
1754,NIGER,2018,20.24,0.0043,NA
1755,NIGERIA,2018,9501.33,2.0407,NA
1756,NIUE IS,2018,0.01,0.0,NA
1757,NORFOLK IS,2018,0.46,0.0001,NA
1758,NORWAY,2018,842.08,0.1809,NA
1759,OMAN,2018,4264.29,0.9159,NA
1760,PAKISTAN IR,2018,488.56,0.1049,NA
1761,PALAU,2018,0.78,0.0002,NA
1762,PANAMA REPUBLIC,2018,43.32,0.0093,NA
1763,PAPUA N GNA,2018,196.19,0.0421,NA
1764,PARAGUAY,2018,166.9,0.0358,NA
1765,PERU,2018,2376.86,0.5105,NA
1766,PHILIPPINES,2018,764.36,0.1642,NA
1767,PITCAIRN IS.,2018,0.22,0.0,NA
1768,POLAND,2018,766.99,0.1647,NA
1769,PORTUGAL,2018,190.15,0.0408,NA
1770,PUERTO RICO,2018,74.87,0.0161,NA
1771,QATAR,2018,8409.02,1.8061,NA
1772,REUNION,2018,18.05,0.0039,NA
1773,ROMANIA,2018,411.72,0.0884,NA
1774,RUSSIA,2018,8573.46,1.8415,NA
1775,RWANDA,2018,5.34,0.0011,NA
1776,SAMOA,2018,0.26,0.0001,NA
1777,SAN MARINO,2018,0.64,0.0001,NA
1778,SAO TOME,2018,0.0,,NA
1779,SAUDI ARAB,2018,22069.96,4.7403,NA
1780,SENEGAL,2018,564.94,0.1213,NA
1781,SERBIA,2018,24.12,0.0052,NA
1782,SEYCHELLES,2018,1.37,0.0003,NA
1783,SIERRA LEONE,2018,24.17,0.0052,NA
1784,SINGAPORE,2018,7466.99,1.6038,NA
1785,SLOVAK REP,2018,95.2,0.0204,NA
1786,SLOVENIA,2018,112.08,0.0241,NA
1787,SOLOMON IS,2018,67.73,0.0145,NA
1788,SOMALIA,2018,3.55,0.0008,NA
1789,SOUTH AFRICA,2018,6834.7,1.468,NA
1790,SOUTH SUDAN,2018,70.56,0.0152,NA
1791,SPAIN,2018,1663.37,0.3573,NA
1792,SRI LANKA DSR,2018,772.63,0.1659,NA
1793,ST HELENA,2018,0.03,0.0,NA
1794,ST KITT N A,2018,0.0,0.0,NA
1795,ST LUCIA,2018,0.32,0.0001,NA
1796,ST VINCENT,2018,0.0,,NA
1797,STATE OF PALEST,2018,0.0,,NA
1798,SUDAN,2018,452.07,0.0971,NA
1799,SURINAME,2018,92.76,0.0199,NA
1800,SWAZILAND,2018,8.92,0.0019,NA
1801,SWEDEN,2018,1464.47,0.3145,NA
1802,SWITZERLAND,2018,18923.05,4.0644,NA
1803,SYRIA,2018,25.66,0.0055,NA
1804,TAIWAN,2018,3926.25,0.8433,NA
1805,TAJIKISTAN,2018,50.29,0.0108,NA
1806,TANZANIA REP,2018,1029.71,0.2212,NA
1807,THAILAND,2018,7134.46,1.5324,NA
1808,TIMOR LESTE,2018,0.1,0.0,NA
1809,TOGO,2018,163.8,0.0352,NA
1810,TOKELAU IS,2018,0.05,0.0,NA
1811,TONGA,2018,0.0,,NA
1812,TRINIDAD,2018,42.48,0.0091,NA
1813,TUNISIA,2018,140.25,0.0301,NA
1814,TURKEY,2018,2132.2,0.458,NA
1815,TURKMENISTAN,2018,26.15,0.0056,NA
1816,TURKS C IS,2018,0.02,0.0,NA
1817,TUVALU,2018,0.0,0.0,NA
1818,U ARAB EMTS,2018,21739.11,4.6692,NA
1819,U K,2018,4806.75,1.0324,NA
1820,U S A,2018,26611.03,5.7157,NA
1821,UGANDA,2018,56.21,0.0121,NA
1822,UKRAINE,2018,2355.97,0.506,NA
1823,UNSPECIFIED,2018,9194.62,1.9749,NA
1824,URUGUAY,2018,24.98,0.0054,NA
1825,US MINOR OUTLYING ISLANDS,2018,0.74,0.0002,NA
1826,UZBEKISTAN,2018,101.67,0.0218,NA
1827,VANUATU REP,2018,0.0,0.0,NA
1828,VATICAN CITY,2018,0.0,,NA
1829,VENEZUELA,2018,5866.37,1.26,NA
1830,VIETNAM SOC REP,2018,5018.55,1.0779,NA
1831,VIRGIN IS US,2018,0.28,0.0001,NA
1832,WALLIS F IS,2018,0.01,0.0,NA
1833,YEMEN REPUBLC,2018,153.05,0.0329,NA
1834,ZAMBIA,2018,1094.98,0.2352,NA
1835,ZIMBABWE,2018,62.2,0.0134,NA
