,Country,Year,Value(Exports),Share,Growth
0,AFGHANISTAN,2020,997.58,0.3183,39.43
1,ALBANIA,2020,44.12,0.0141,18.97
2,ALGERIA,2020,611.02,0.195,-35.02
3,AMERI SAMOA,2020,0.13,0.0,401.64
4,ANDORRA,2020,0.08,0.0,-76.41
5,ANGOLA,2020,285.1,0.091,0.97
6,ANGUILLA,2020,0.04,0.0,-71.59
7,ANTARTICA,2020,0.02,0.0,566.86
8,ANTIGUA,2020,2.19,0.0007,-19.19
9,ARGENTINA,2020,763.24,0.2436,35.58
10,ARMENIA,2020,40.49,0.0129,56.08
11,ARUBA,2020,9.87,0.0031,2.43
12,AUSTRALIA,2020,2852.14,0.9102,-18.98
13,AUSTRIA,2020,455.59,0.1454,-5.71
14,AZERBAIJAN,2020,53.21,0.017,22.42
15,BAHAMAS,2020,60.48,0.0193,898.73
16,BAHARAIN IS,2020,559.09,0.1784,-24.66
17,BANGLADESH PR,2020,8200.75,2.617,-10.96
18,BARBADOS,2020,12.76,0.0041,2.65
19,BELARUS,2020,55.77,0.0178,0.1
20,BELGIUM,2020,5809.88,1.8541,-13.67
21,BELIZE,2020,14.27,0.0046,-15.97
22,BENIN,2020,326.62,0.1042,-23.49
23,BERMUDA,2020,2.48,0.0008,-21.44
24,BHUTAN,2020,738.6,0.2357,12.36
25,BOLIVIA,2020,113.46,0.0362,8.36
26,BOSNIA-HRZGOVIN,2020,15.32,0.0049,-10.32
27,BOTSWANA,2020,178.74,0.057,0.24
28,BR VIRGN IS,2020,0.49,0.0002,-95.4
29,BRAZIL,2020,3967.39,1.2661,4.39
30,BRUNEI,2020,57.62,0.0184,2.54
31,BULGARIA,2020,158.9,0.0507,-25.2
32,BURKINA FASO,2020,153.94,0.0491,-15.15
33,BURUNDI,2020,58.47,0.0187,20.92
34,C AFRI REP,2020,55.63,0.0178,107.6
35,CAMBODIA,2020,188.12,0.06,-4.01
36,CAMEROON,2020,228.45,0.0729,28.16
37,CANADA,2020,2851.79,0.9101,0.01
38,CAPE VERDE IS,2020,2.17,0.0007,36.23
39,CAYMAN IS,2020,6.58,0.0021,50.66
40,CHAD,2020,58.69,0.0187,56.67
41,CHILE,2020,793.43,0.2532,-19.84
42,CHINA P RP,2020,16612.75,5.3015,-0.83
43,CHRISTMAS IS.,2020,0.0,0.0,
44,COLOMBIA,2020,1043.41,0.333,-6.58
45,COMOROS,2020,18.88,0.006,-2.13
46,CONGO D. REP.,2020,352.77,0.1126,16.45
47,CONGO P REP,2020,112.91,0.036,-15.03
48,COOK IS,2020,0.32,0.0001,18.73
49,COSTA RICA,2020,126.63,0.0404,-7.0
50,COTE D' IVOIRE,2020,414.67,0.1323,-7.57
51,CROATIA,2020,146.97,0.0469,-4.44
52,CUBA,2020,47.51,0.0152,35.73
53,CYPRUS,2020,443.28,0.1415,527.41
54,CZECH REPUBLIC,2020,496.35,0.1584,15.66
55,DENMARK,2020,733.96,0.2342,-1.69
56,DJIBOUTI,2020,316.01,0.1008,-60.03
57,DOMINIC REP,2020,213.32,0.0681,-1.15
58,DOMINICA,2020,2.17,0.0007,67.58
59,ECUADOR,2020,253.0,0.0807,-15.09
60,EGYPT A RP,2020,2504.23,0.7992,-13.24
61,EL SALVADOR,2020,79.34,0.0253,0.86
62,EQUTL GUINEA,2020,10.92,0.0035,-8.13
63,ERITREA,2020,5.92,0.0019,-34.5
64,ESTONIA,2020,65.44,0.0209,1.75
65,ETHIOPIA,2020,798.31,0.2548,4.21
66,FALKLAND IS,2020,0.08,0.0,5669.0
67,FAROE IS.,2020,0.91,0.0003,-69.26
68,FIJI IS,2020,55.7,0.0178,-8.38
69,FINLAND,2020,268.63,0.0857,4.88
70,FR GUIANA,2020,0.98,0.0003,-48.43
71,FR POLYNESIA,2020,6.04,0.0019,9.87
72,FRANCE,2020,5097.81,1.6268,-2.58
73,GABON,2020,45.55,0.0145,-17.44
74,GAMBIA,2020,132.33,0.0422,-15.51
75,GEORGIA,2020,82.77,0.0264,-25.02
76,GERMANY,2020,8290.9,2.6458,-6.87
77,GHANA,2020,617.42,0.197,-13.93
78,GIBRALTAR,2020,629.14,0.2008,9.39
79,GREECE,2020,445.59,0.1422,-11.48
80,GREENLAND,2020,0.03,0.0,693.03
81,GRENADA,2020,2.79,0.0009,-25.98
82,GUADELOUPE,2020,7.8,0.0025,128.06
83,GUAM,2020,0.91,0.0003,38.21
84,GUATEMALA,2020,291.32,0.093,-4.6
85,GUERNSEY,2020,0.0,0.0,109.73
86,GUINEA,2020,354.82,0.1132,-12.36
87,GUINEA BISSAU,2020,8.99,0.0029,-16.42
88,GUYANA,2020,25.21,0.008,-15.01
89,HAITI,2020,65.51,0.0209,-17.44
90,HEARD MACDONALD,2020,0.0,,
91,HONDURAS,2020,185.34,0.0591,11.17
92,HONG KONG,2020,10967.12,3.4998,-15.65
93,HUNGARY,2020,423.94,0.1353,-7.45
94,ICELAND,2020,10.05,0.0032,-67.36
95,INDONESIA,2020,4129.33,1.3178,-21.73
96,IRAN,2020,3373.62,1.0766,-3.91
97,IRAQ,2020,1878.17,0.5994,5.0
98,IRELAND,2020,533.69,0.1703,0.59
99,ISRAEL,2020,3363.1,1.0732,-9.55
100,ITALY,2020,4970.81,1.5863,-11.13
101,JAMAICA,2020,56.76,0.0181,2.41
102,JAPAN,2020,4520.25,1.4425,-7.02
103,JERSEY,2020,0.0,0.0,
104,JORDAN,2020,960.66,0.3066,65.97
105,KAZAKHSTAN,2020,202.59,0.0646,41.54
106,KENYA,2020,2108.58,0.6729,1.77
107,KIRIBATI REP,2020,0.39,0.0001,4.49
108,KOREA DP RP,2020,8.97,0.0029,-66.75
109,KOREA RP,2020,4845.15,1.5462,2.98
110,KUWAIT,2020,1286.56,0.4106,-3.55
111,KYRGHYZSTAN,2020,29.13,0.0093,-2.96
112,LAO PD RP,2020,25.08,0.008,-36.31
113,LATVIA,2020,119.25,0.0381,3.23
114,LEBANON,2020,203.97,0.0651,-24.08
115,LESOTHO,2020,40.78,0.013,33.88
116,LIBERIA,2020,219.52,0.0701,22.77
117,LIBYA,2020,184.4,0.0588,17.63
118,LIECHTENSTEIN,2020,4.36,0.0014,28.22
119,LITHUANIA,2020,110.76,0.0353,-13.04
120,LUXEMBOURG,2020,20.34,0.0065,-32.35
121,MACAO,2020,6.28,0.002,495.18
122,MACEDONIA,2020,22.61,0.0072,15.68
123,MADAGASCAR,2020,301.73,0.0963,53.65
124,MALAWI,2020,185.09,0.0591,-8.17
125,MALAYSIA,2020,6364.66,2.0311,-1.11
126,MALDIVES,2020,226.57,0.0723,1.59
127,MALI,2020,146.14,0.0466,11.82
128,MALTA,2020,208.2,0.0664,-9.29
129,MARSHALL ISLAND,2020,32.53,0.0104,10060.82
130,MARTINIQUE,2020,3.81,0.0012,6.47
131,MAURITANIA,2020,83.83,0.0268,-27.48
132,MAURITIUS,2020,662.13,0.2113,-42.96
133,MAYOTTE,2020,3.13,0.001,12.31
134,MEXICO,2020,3623.71,1.1564,-5.67
135,MICRONESIA,2020,0.53,0.0002,56.67
136,MOLDOVA,2020,8.71,0.0028,0.9
137,MONACO,2020,1.96,0.0006,-23.09
138,MONGOLIA,2020,16.27,0.0052,-28.67
139,MONTENEGRO,2020,19.96,0.0064,-48.74
140,MONTSERRAT,2020,0.06,0.0,3.23
141,MOROCCO,2020,799.45,0.2551,17.56
142,MOZAMBIQUE,2020,2174.31,0.6939,102.58
143,MYANMAR,2020,973.89,0.3108,-19.22
144,N. MARIANA IS.,2020,0.15,0.0,-44.98
145,NAMIBIA,2020,66.18,0.0211,-19.66
146,NAURU RP,2020,0.14,0.0,-73.63
147,NEPAL,2020,7160.35,2.285,-7.8
148,NETHERLAND,2020,8366.11,2.6698,-5.07
149,NETHERLANDANTIL,2020,30.0,0.0096,-1.87
150,NEW CALEDONIA,2020,15.2,0.0049,72.24
151,NEW ZEALAND,2020,378.55,0.1208,-0.35
152,NICARAGUA,2020,65.52,0.0209,21.63
153,NIGER,2020,73.6,0.0235,-22.4
154,NIGERIA,2020,3609.91,1.152,20.12
155,NIUE IS,2020,0.08,0.0,
156,NORFOLK IS,2020,0.33,0.0001,75.06
157,NORWAY,2020,421.61,0.1345,34.68
158,OMAN,2020,2261.81,0.7218,0.69
159,PAKISTAN IR,2020,816.62,0.2606,-60.48
160,PALAU,2020,0.05,0.0,-39.56
161,PANAMA C Z,2020,0.01,0.0,
162,PANAMA REPUBLIC,2020,238.52,0.0761,4.96
163,PAPUA N GNA,2020,56.02,0.0179,12.66
164,PARAGUAY,2020,126.96,0.0405,-21.0
165,PERU,2020,764.0,0.2438,5.96
166,PHILIPPINES,2020,1526.03,0.487,-12.48
167,PITCAIRN IS.,2020,0.02,0.0,88.58
168,POLAND,2020,1548.11,0.494,-1.57
169,PORTUGAL,2020,744.79,0.2377,0.2
170,PUERTO RICO,2020,134.44,0.0429,-2.88
171,QATAR,2020,1268.35,0.4048,-21.28
172,REUNION,2020,40.15,0.0128,-14.98
173,ROMANIA,2020,366.89,0.1171,-14.74
174,RUSSIA,2020,3017.67,0.963,26.29
175,RWANDA,2020,124.05,0.0396,-14.39
176,SAHARWI A.DM RP,2020,0.0,0.0,28.49
177,SAMOA,2020,4.25,0.0014,64.35
178,SAN MARINO,2020,0.25,0.0001,62.64
179,SAO TOME,2020,1.5,0.0005,26.59
180,SAUDI ARAB,2020,6236.86,1.9903,12.14
181,SENEGAL,2020,477.1,0.1523,-25.36
182,SERBIA,2020,83.68,0.0267,15.69
183,SEYCHELLES,2020,66.64,0.0213,-21.12
184,SIERRA LEONE,2020,115.37,0.0368,2.76
185,SINGAPORE,2020,8922.66,2.8474,-22.9
186,SINT MAARTEN (DUTCH PART),2020,0.08,0.0,
187,SLOVAK REP,2020,138.42,0.0442,-5.17
188,SLOVENIA,2020,332.55,0.1061,5.89
189,SOLOMON IS,2020,2.04,0.0007,-20.62
190,SOMALIA,2020,583.87,0.1863,8.68
191,SOUTH AFRICA,2020,4108.17,1.311,1.01
192,SOUTH SUDAN,2020,20.05,0.0064,90.36
193,SPAIN,2020,3945.44,1.2591,-5.67
194,SRI LANKA DSR,2020,3800.91,1.2129,-19.3
195,ST HELENA,2020,0.33,0.0001,1926.12
196,ST KITT N A,2020,2.56,0.0008,7.84
197,ST LUCIA,2020,3.24,0.001,-19.21
198,ST PIERRE,2020,0.0,,
199,ST VINCENT,2020,0.69,0.0002,-6.4
200,STATE OF PALEST,2020,1.09,0.0003,-26.91
201,SUDAN,2020,1096.88,0.35,19.11
202,SURINAME,2020,31.12,0.0099,37.84
203,SVALLBARD AND J,2020,0.0,0.0,
204,SWAZILAND,2020,18.57,0.0059,-3.26
205,SWEDEN,2020,748.42,0.2388,-5.53
206,SWITZERLAND,2020,1200.08,0.383,1.13
207,SYRIA,2020,159.33,0.0508,3.07
208,TAIWAN,2020,1674.52,0.5344,-35.77
209,TAJIKISTAN,2020,23.5,0.0075,5.49
210,TANZANIA REP,2020,1740.08,0.5553,2.11
211,THAILAND,2020,4299.3,1.372,-3.2
212,TIMOR LESTE,2020,6.33,0.002,20.19
213,TOGO,2020,1040.6,0.3321,49.92
214,TOKELAU IS,2020,0.0,0.0,-62.65
215,TONGA,2020,0.66,0.0002,90.49
216,TRINIDAD,2020,85.11,0.0272,1.62
217,TUNISIA,2020,245.02,0.0782,-19.45
218,TURKEY,2020,4969.47,1.5859,-8.86
219,TURKMENISTAN,2020,33.9,0.0108,-25.74
220,TURKS C IS,2020,0.64,0.0002,143.31
221,TUVALU,2020,0.0,0.0,-9.07
222,U ARAB EMTS,2020,28853.59,9.2078,-4.23
223,U K,2020,8737.85,2.7884,-6.14
224,U S A,2020,53088.77,16.9417,1.3
225,UGANDA,2020,621.52,0.1983,7.14
226,UKRAINE,2020,463.81,0.148,18.68
227,UNION OF SERBIA & MONTENEGRO,2020,0.0,0.0,
228,UNSPECIFIED,2020,2546.99,0.8128,-12.39
229,URUGUAY,2020,147.69,0.0471,-18.4
230,US MINOR OUTLYING ISLANDS,2020,0.4,0.0001,-42.09
231,UZBEKISTAN,2020,180.21,0.0575,-10.52
232,VANUATU REP,2020,2.42,0.0008,22.47
233,VATICAN CITY,2020,0.03,0.0,16.6
234,VENEZUELA,2020,339.71,0.1084,106.17
235,VIETNAM SOC REP,2020,5059.9,1.6147,-22.24
236,VIRGIN IS US,2020,81.4,0.026,91.52
237,WALLIS F IS,2020,0.02,0.0,
238,YEMEN REPUBLC,2020,721.25,0.2302,-2.71
239,ZAMBIA,2020,247.64,0.079,-22.38
240,ZIMBABWE,2020,161.13,0.0514,-11.33
241,AFGHANISTAN,2021,825.78,0.283,-17.22
242,ALBANIA,2021,46.75,0.016,5.97
243,ALGERIA,2021,594.74,0.2038,-2.66
244,AMERI SAMOA,2021,0.58,0.0002,348.37
245,ANDORRA,2021,0.02,0.0,-74.08
246,ANGOLA,2021,259.6,0.089,-8.94
247,ANGUILLA,2021,0.05,0.0,13.76
248,ANTARTICA,2021,1.05,0.0004,4764.81
249,ANTIGUA,2021,1.62,0.0006,-26.15
250,ARGENTINA,2021,687.84,0.2357,-9.88
251,ARMENIA,2021,69.83,0.0239,72.48
252,ARUBA,2021,2.79,0.001,-71.68
253,AUSTRALIA,2021,4043.88,1.3858,41.78
254,AUSTRIA,2021,453.07,0.1553,-0.55
255,AZERBAIJAN,2021,50.81,0.0174,-4.5
256,BAHAMAS,2021,4.56,0.0016,-92.45
257,BAHARAIN IS,2021,528.25,0.181,-5.52
258,BANGLADESH PR,2021,9691.56,3.3212,18.18
259,BARBADOS,2021,11.1,0.0038,-13.0
260,BELARUS,2021,62.3,0.0214,11.72
261,BELGIUM,2021,5235.59,1.7942,-9.88
262,BELIZE,2021,9.43,0.0032,-33.9
263,BENIN,2021,555.2,0.1903,69.99
264,BERMUDA,2021,4.5,0.0015,81.72
265,BHUTAN,2021,701.02,0.2402,-5.09
266,BOLIVIA,2021,94.33,0.0323,-16.86
267,BOSNIA-HRZGOVIN,2021,15.09,0.0052,-1.51
268,BOTSWANA,2021,172.69,0.0592,-3.39
269,BR VIRGN IS,2021,0.25,0.0001,-48.25
270,BRAZIL,2021,4244.94,1.4547,7.0
271,BRUNEI,2021,62.91,0.0216,9.18
272,BULGARIA,2021,170.35,0.0584,7.21
273,BURKINA FASO,2021,207.87,0.0712,35.03
274,BURUNDI,2021,64.02,0.0219,9.5
275,C AFRI REP,2021,23.71,0.0081,-57.37
276,CAMBODIA,2021,168.86,0.0579,-10.24
277,CAMEROON,2021,279.07,0.0956,22.16
278,CANADA,2021,2960.77,1.0146,3.82
279,CAPE VERDE IS,2021,3.31,0.0011,52.22
280,CAYMAN IS,2021,4.32,0.0015,-34.36
281,CHAD,2021,59.23,0.0203,0.92
282,CHILE,2021,805.0,0.2759,1.46
283,CHINA P RP,2021,21187.15,7.2606,27.54
284,CHRISTMAS IS.,2021,0.0,,
285,COCOS IS,2021,0.0,0.0,
286,COLOMBIA,2021,864.99,0.2964,-17.1
287,COMOROS,2021,18.26,0.0063,-3.27
288,CONGO D. REP.,2021,430.33,0.1475,21.98
289,CONGO P REP,2021,109.84,0.0376,-2.72
290,COOK IS,2021,0.07,0.0,-77.48
291,COSTA RICA,2021,113.88,0.039,-10.06
292,COTE D' IVOIRE,2021,585.96,0.2008,41.31
293,CROATIA,2021,141.91,0.0486,-3.44
294,CUBA,2021,20.33,0.007,-57.2
295,CYPRUS,2021,90.11,0.0309,-79.67
296,CZECH REPUBLIC,2021,485.48,0.1664,-2.19
297,DENMARK,2021,755.25,0.2588,2.9
298,DJIBOUTI,2021,347.06,0.1189,9.83
299,DOMINIC REP,2021,209.06,0.0716,-2.0
300,DOMINICA,2021,1.87,0.0006,-14.03
301,ECUADOR,2021,207.89,0.0712,-17.83
302,EGYPT A RP,2021,2264.37,0.776,-9.58
303,EL SALVADOR,2021,84.12,0.0288,6.03
304,EQUTL GUINEA,2021,14.19,0.0049,29.97
305,ERITREA,2021,9.46,0.0032,59.84
306,ESTONIA,2021,51.83,0.0178,-20.8
307,ETHIOPIA,2021,684.32,0.2345,-14.28
308,FALKLAND IS,2021,0.0,,
309,FAROE IS.,2021,0.27,0.0001,-70.46
310,FIJI IS,2021,46.9,0.0161,-15.79
311,FINLAND,2021,284.36,0.0974,5.85
312,FR GUIANA,2021,1.78,0.0006,81.6
313,FR POLYNESIA,2021,5.67,0.0019,-6.26
314,FRANCE,2021,4782.18,1.6388,-6.19
315,GABON,2021,58.7,0.0201,28.89
316,GAMBIA,2021,129.59,0.0444,-2.07
317,GEORGIA,2021,99.32,0.034,19.99
318,GERMANY,2021,8124.93,2.7843,-2.0
319,GHANA,2021,862.5,0.2956,39.7
320,GIBRALTAR,2021,203.38,0.0697,-67.67
321,GREECE,2021,546.31,0.1872,22.6
322,GREENLAND,2021,1.1,0.0004,3963.22
323,GRENADA,2021,2.87,0.001,2.78
324,GUADELOUPE,2021,2.66,0.0009,-65.87
325,GUAM,2021,0.74,0.0003,-18.32
326,GUATEMALA,2021,331.35,0.1136,13.74
327,GUERNSEY,2021,0.0,0.0,-91.79
328,GUINEA,2021,501.77,0.172,41.41
329,GUINEA BISSAU,2021,18.11,0.0062,101.45
330,GUYANA,2021,35.69,0.0122,41.56
331,HAITI,2021,107.63,0.0369,64.3
332,HONDURAS,2021,163.38,0.056,-11.85
333,HONG KONG,2021,10162.4,3.4826,-7.34
334,HUNGARY,2021,495.26,0.1697,16.82
335,ICELAND,2021,10.91,0.0037,8.58
336,INDONESIA,2021,5026.21,1.7224,21.72
337,IRAN,2021,1774.69,0.6082,-47.4
338,IRAQ,2021,1498.99,0.5137,-20.19
339,IRELAND,2021,563.22,0.193,5.53
340,ISRAEL,2021,2701.49,0.9258,-19.67
341,ITALY,2021,4735.74,1.6229,-4.73
342,JAMAICA,2021,64.06,0.022,12.87
343,JAPAN,2021,4434.59,1.5197,-1.9
344,JERSEY,2021,0.0,,
345,JORDAN,2021,630.89,0.2162,-34.33
346,KAZAKHSTAN,2021,225.96,0.0774,11.54
347,KENYA,2021,1895.84,0.6497,-10.09
348,KIRIBATI REP,2021,0.71,0.0002,84.12
349,KOREA DP RP,2021,2.79,0.001,-68.86
350,KOREA RP,2021,4684.62,1.6054,-3.31
351,KUWAIT,2021,1054.2,0.3613,-18.06
352,KYRGHYZSTAN,2021,38.71,0.0133,32.88
353,LAO PD RP,2021,27.34,0.0094,8.99
354,LATVIA,2021,103.48,0.0355,-13.22
355,LEBANON,2021,190.38,0.0652,-6.67
356,LESOTHO,2021,39.89,0.0137,-2.18
357,LIBERIA,2021,225.65,0.0773,2.79
358,LIBYA,2021,153.91,0.0527,-16.53
359,LIECHTENSTEIN,2021,3.76,0.0013,-13.79
360,LITHUANIA,2021,163.66,0.0561,47.76
361,LUXEMBOURG,2021,12.6,0.0043,-38.08
362,MACAO,2021,8.96,0.0031,42.6
363,MACEDONIA,2021,23.2,0.0079,2.61
364,MADAGASCAR,2021,324.22,0.1111,7.45
365,MALAWI,2021,150.96,0.0517,-18.44
366,MALAYSIA,2021,6057.68,2.0759,-4.82
367,MALDIVES,2021,195.88,0.0671,-13.55
368,MALI,2021,186.97,0.0641,27.94
369,MALTA,2021,317.04,0.1086,52.28
370,MARSHALL ISLAND,2021,0.62,0.0002,-98.09
371,MARTINIQUE,2021,4.25,0.0015,11.66
372,MAURITANIA,2021,88.92,0.0305,6.06
373,MAURITIUS,2021,422.91,0.1449,-36.13
374,MAYOTTE,2021,5.65,0.0019,80.33
375,MEXICO,2021,3086.67,1.0578,-14.82
376,MICRONESIA,2021,0.72,0.0002,35.4
377,MOLDOVA,2021,11.58,0.004,33.04
378,MONACO,2021,1.93,0.0007,-1.86
379,MONGOLIA,2021,18.98,0.0065,16.65
380,MONTENEGRO,2021,19.98,0.0068,0.09
381,MONTSERRAT,2021,0.07,0.0,14.37
382,MOROCCO,2021,507.62,0.174,-36.5
383,MOZAMBIQUE,2021,1231.34,0.422,-43.37
384,MYANMAR,2021,772.56,0.2648,-20.67
385,N. MARIANA IS.,2021,0.29,0.0001,97.34
386,NAMIBIA,2021,51.01,0.0175,-22.92
387,NAURU RP,2021,0.1,0.0,-31.03
388,NEPAL,2021,6838.46,2.3435,-4.5
389,NETHERLAND,2021,6472.82,2.2182,-22.63
390,NETHERLANDANTIL,2021,19.22,0.0066,-35.93
391,NEW CALEDONIA,2021,11.5,0.0039,-24.37
392,NEW ZEALAND,2021,486.25,0.1666,28.45
393,NICARAGUA,2021,89.67,0.0307,36.87
394,NIGER,2021,87.03,0.0298,18.26
395,NIGERIA,2021,3134.89,1.0743,-13.16
396,NIUE IS,2021,0.0,0.0,-95.85
397,NORFOLK IS,2021,0.22,0.0001,-35.19
398,NORWAY,2021,322.48,0.1105,-23.51
399,OMAN,2021,2355.3,0.8071,4.13
400,PAKISTAN IR,2021,326.87,0.112,-59.97
401,PALAU,2021,0.21,0.0001,295.01
402,PANAMA C Z,2021,0.0,,
403,PANAMA REPUBLIC,2021,151.88,0.052,-36.32
404,PAPUA N GNA,2021,56.17,0.0193,0.28
405,PARAGUAY,2021,160.81,0.0551,26.66
406,PERU,2021,764.69,0.2621,0.09
407,PHILIPPINES,2021,1457.3,0.4994,-4.5
408,PITCAIRN IS.,2021,0.12,0.0,411.93
409,POLAND,2021,1652.67,0.5664,6.75
410,PORTUGAL,2021,837.14,0.2869,12.4
411,PUERTO RICO,2021,156.21,0.0535,16.19
412,QATAR,2021,1284.82,0.4403,1.3
413,REUNION,2021,43.86,0.015,9.23
414,ROMANIA,2021,371.84,0.1274,1.35
415,RUSSIA,2021,2655.52,0.91,-12.0
416,RWANDA,2021,134.29,0.046,8.26
417,SAHARWI A.DM RP,2021,0.04,0.0,1101.26
418,SAMOA,2021,2.71,0.0009,-36.33
419,SAN MARINO,2021,0.25,0.0001,3.28
420,SAO TOME,2021,1.96,0.0007,30.75
421,SAUDI ARAB,2021,5856.61,2.007,-6.1
422,SENEGAL,2021,699.1,0.2396,46.53
423,SERBIA,2021,90.77,0.0311,8.48
424,SEYCHELLES,2021,55.08,0.0189,-17.35
425,SIERRA LEONE,2021,152.11,0.0521,31.84
426,SINGAPORE,2021,8675.5,2.973,-2.77
427,SINT MAARTEN (DUTCH PART),2021,0.0,0.0,-97.93
428,SLOVAK REP,2021,155.97,0.0534,12.68
429,SLOVENIA,2021,354.78,0.1216,6.68
430,SOLOMON IS,2021,1.65,0.0006,-18.96
431,SOMALIA,2021,554.45,0.19,-5.04
432,SOUTH AFRICA,2021,3934.2,1.3482,-4.23
433,SOUTH SUDAN,2021,22.91,0.0079,14.27
434,SPAIN,2021,3238.52,1.1098,-17.92
435,SRI LANKA DSR,2021,3498.23,1.1988,-7.96
436,ST HELENA,2021,0.17,0.0001,-48.19
437,ST KITT N A,2021,0.99,0.0003,-61.33
438,ST LUCIA,2021,3.4,0.0012,4.93
439,ST VINCENT,2021,0.63,0.0002,-8.06
440,STATE OF PALEST,2021,2.01,0.0007,84.06
441,SUDAN,2021,1022.33,0.3503,-6.8
442,SURINAME,2021,17.12,0.0059,-44.98
443,SVALLBARD AND J,2021,0.0,,
444,SWAZILAND,2021,24.32,0.0083,30.94
445,SWEDEN,2021,763.84,0.2618,2.06
446,SWITZERLAND,2021,1261.52,0.4323,5.12
447,SYRIA,2021,124.26,0.0426,-22.01
448,TAIWAN,2021,1620.09,0.5552,-3.25
449,TAJIKISTAN,2021,53.45,0.0183,127.39
450,TANZANIA REP,2021,1439.06,0.4932,-17.3
451,THAILAND,2021,4237.59,1.4522,-1.44
452,TIMOR LESTE,2021,25.36,0.0087,300.95
453,TOGO,2021,1547.23,0.5302,48.69
454,TOKELAU IS,2021,0.0,,
455,TONGA,2021,0.85,0.0003,29.0
456,TRINIDAD,2021,74.79,0.0256,-12.12
457,TUNISIA,2021,264.65,0.0907,8.01
458,TURKEY,2021,3952.89,1.3546,-20.46
459,TURKMENISTAN,2021,60.34,0.0207,78.01
460,TURKS C IS,2021,0.13,0.0,-80.49
461,TUVALU,2021,0.0,0.0,43.11
462,U ARAB EMTS,2021,16679.54,5.7159,-42.19
463,U K,2021,8157.56,2.7955,-6.64
464,U S A,2021,51623.14,17.6908,-2.76
465,UGANDA,2021,670.32,0.2297,7.85
466,UKRAINE,2021,450.97,0.1545,-2.77
467,UNION OF SERBIA & MONTENEGRO,2021,0.0,,
468,UNSPECIFIED,2021,733.33,0.2513,-71.21
469,URUGUAY,2021,104.71,0.0359,-29.1
470,US MINOR OUTLYING ISLANDS,2021,0.97,0.0003,143.32
471,UZBEKISTAN,2021,280.07,0.096,55.41
472,VANUATU REP,2021,2.25,0.0008,-6.82
473,VATICAN CITY,2021,0.07,0.0,108.06
474,VENEZUELA,2021,557.1,0.1909,63.99
475,VIETNAM SOC REP,2021,4999.64,1.7133,-1.19
476,VIRGIN IS US,2021,74.97,0.0257,-7.9
477,WALLIS F IS,2021,0.02,0.0,3.77
478,YEMEN REPUBLC,2021,785.54,0.2692,8.91
479,ZAMBIA,2021,268.87,0.0921,8.57
480,ZIMBABWE,2021,175.72,0.0602,9.05
481,AFGHANISTAN,2022,554.47,0.1314,-32.85
482,ALBANIA,2022,55.16,0.0131,17.99
483,ALGERIA,2022,703.25,0.1666,18.24
484,AMERI SAMOA,2022,0.78,0.0002,33.67
485,ANDORRA,2022,0.05,0.0,140.95
486,ANGOLA,2022,452.45,0.1072,74.29
487,ANGUILLA,2022,0.09,0.0,80.4
488,ANTARTICA,2022,0.07,0.0,-92.98
489,ANTIGUA,2022,2.47,0.0006,53.17
490,ARGENTINA,2022,1425.94,0.3379,107.31
491,ARMENIA,2022,27.47,0.0065,-60.66
492,ARUBA,2022,6.22,0.0015,122.49
493,AUSTRALIA,2022,8283.13,1.9628,104.83
494,AUSTRIA,2022,564.32,0.1337,24.55
495,AZERBAIJAN,2022,36.42,0.0086,-28.33
496,BAHAMAS,2022,8.06,0.0019,76.65
497,BAHARAIN IS,2022,899.9,0.2132,70.35
498,BANGLADESH PR,2022,16156.37,3.8285,66.71
499,BARBADOS,2022,16.19,0.0038,45.86
500,BELARUS,2022,65.34,0.0155,4.87
501,BELGIUM,2022,10084.37,2.3896,92.61
502,BELIZE,2022,15.25,0.0036,61.62
503,BENIN,2022,716.41,0.1698,29.04
504,BERMUDA,2022,5.53,0.0013,22.7
505,BHUTAN,2022,885.81,0.2099,26.36
506,BOLIVIA,2022,117.95,0.028,25.04
507,BOSNIA-HRZGOVIN,2022,17.0,0.004,12.69
508,BOTSWANA,2022,278.87,0.0661,61.49
509,BR VIRGN IS,2022,0.36,0.0001,41.51
510,BRAZIL,2022,6488.97,1.5377,52.86
511,BRUNEI,2022,43.16,0.0102,-31.39
512,BULGARIA,2022,247.08,0.0585,45.05
513,BURKINA FASO,2022,196.64,0.0466,-5.4
514,BURUNDI,2022,60.51,0.0143,-5.49
515,C AFRI REP,2022,20.13,0.0048,-15.11
516,CAMBODIA,2022,198.37,0.047,17.47
517,CAMEROON,2022,403.06,0.0955,44.43
518,CANADA,2022,3763.98,0.8919,27.13
519,CAPE VERDE IS,2022,6.27,0.0015,89.43
520,CAYMAN IS,2022,6.63,0.0016,53.48
521,CHAD,2022,52.94,0.0125,-10.62
522,CHILE,2022,1181.92,0.2801,46.82
523,CHINA P RP,2022,21259.79,5.0378,0.34
524,CHRISTMAS IS.,2022,0.01,0.0,
525,COCOS IS,2022,0.0,,
526,COLOMBIA,2022,1376.68,0.3262,59.16
527,COMOROS,2022,23.05,0.0055,26.23
528,CONGO D. REP.,2022,568.17,0.1346,32.03
529,CONGO P REP,2022,161.02,0.0382,46.6
530,COOK IS,2022,0.04,0.0,-43.67
531,COSTA RICA,2022,147.5,0.035,29.52
532,COTE D' IVOIRE,2022,728.62,0.1727,24.35
533,CROATIA,2022,493.18,0.1169,247.53
534,CUBA,2022,26.57,0.0063,30.68
535,CYPRUS,2022,139.85,0.0331,55.2
536,CZECH REPUBLIC,2022,628.23,0.1489,29.4
537,DENMARK,2022,944.15,0.2237,25.01
538,DJIBOUTI,2022,713.33,0.169,105.53
539,DOMINIC REP,2022,310.08,0.0735,48.32
540,DOMINICA,2022,2.8,0.0007,50.26
541,ECUADOR,2022,304.86,0.0722,46.65
542,EGYPT A RP,2022,3743.92,0.8872,65.34
543,EL SALVADOR,2022,162.06,0.0384,92.65
544,EQUTL GUINEA,2022,12.44,0.0029,-12.38
545,ERITREA,2022,17.42,0.0041,84.18
546,ESTONIA,2022,62.1,0.0147,19.81
547,ETHIOPIA,2022,681.28,0.1614,-0.44
548,FALKLAND IS,2022,0.0,0.0,
549,FAROE IS.,2022,0.27,0.0001,-0.17
550,FIJI IS,2022,57.96,0.0137,23.58
551,FINLAND,2022,344.35,0.0816,21.1
552,FR GUIANA,2022,2.08,0.0005,17.0
553,FR POLYNESIA,2022,9.22,0.0022,62.76
554,FRANCE,2022,6640.91,1.5737,38.87
555,GABON,2022,53.0,0.0126,-9.72
556,GAMBIA,2022,153.27,0.0363,18.27
557,GEORGIA,2022,163.91,0.0388,65.03
558,GERMANY,2022,9883.34,2.342,21.64
559,GHANA,2022,1109.46,0.2629,28.63
560,GIBRALTAR,2022,488.68,0.1158,140.28
561,GREECE,2022,1077.45,0.2553,97.22
562,GREENLAND,2022,1.41,0.0003,28.31
563,GRENADA,2022,3.96,0.0009,37.96
564,GUADELOUPE,2022,3.58,0.0008,34.4
565,GUAM,2022,1.68,0.0004,126.8
566,GUATEMALA,2022,552.13,0.1308,66.63
567,GUERNSEY,2022,0.0,,
568,GUINEA,2022,561.53,0.1331,11.91
569,GUINEA BISSAU,2022,10.61,0.0025,-41.43
570,GUYANA,2022,66.41,0.0157,86.07
571,HAITI,2022,99.49,0.0236,-7.56
572,HONDURAS,2022,317.9,0.0753,94.58
573,HONG KONG,2022,10984.8,2.603,8.09
574,HUNGARY,2022,550.85,0.1305,11.23
575,ICELAND,2022,11.77,0.0028,7.84
576,INDONESIA,2022,8471.51,2.0074,68.55
577,IRAN,2022,1451.09,0.3439,-18.23
578,IRAQ,2022,2403.27,0.5695,60.33
579,IRELAND,2022,687.95,0.163,22.15
580,ISRAEL,2022,4796.13,1.1365,77.54
581,ITALY,2022,8180.76,1.9385,72.74
582,JAMAICA,2022,80.6,0.0191,25.82
583,JAPAN,2022,6176.77,1.4637,39.29
584,JORDAN,2022,889.27,0.2107,40.96
585,KAZAKHSTAN,2022,235.12,0.0557,4.05
586,KENYA,2022,2631.89,0.6237,38.82
587,KIRIBATI REP,2022,1.64,0.0004,131.1
588,KOREA DP RP,2022,0.34,0.0001,-87.87
589,KOREA RP,2022,8085.03,1.9159,72.59
590,KUWAIT,2022,1241.93,0.2943,17.81
591,KYRGHYZSTAN,2022,32.89,0.0078,-15.03
592,LAO PD RP,2022,14.65,0.0035,-46.39
593,LATVIA,2022,132.93,0.0315,28.45
594,LEBANON,2022,313.14,0.0742,64.48
595,LESOTHO,2022,10.99,0.0026,-72.44
596,LIBERIA,2022,247.05,0.0585,9.48
597,LIBYA,2022,239.6,0.0568,55.67
598,LIECHTENSTEIN,2022,1.96,0.0005,-47.94
599,LITHUANIA,2022,330.85,0.0784,102.16
600,LUXEMBOURG,2022,14.56,0.0035,15.59
601,MACAO,2022,12.04,0.0029,34.39
602,MACEDONIA,2022,30.52,0.0072,31.58
603,MADAGASCAR,2022,351.26,0.0832,8.34
604,MALAWI,2022,150.42,0.0356,-0.36
605,MALAYSIA,2022,6995.04,1.6576,15.47
606,MALDIVES,2022,670.4,0.1589,242.26
607,MALI,2022,207.56,0.0492,11.01
608,MALTA,2022,477.22,0.1131,50.53
609,MARSHALL ISLAND,2022,1.06,0.0003,70.14
610,MARTINIQUE,2022,6.26,0.0015,47.17
611,MAURITANIA,2022,96.9,0.023,8.97
612,MAURITIUS,2022,714.85,0.1694,69.03
613,MAYOTTE,2022,3.48,0.0008,-38.46
614,MEXICO,2022,4425.21,1.0486,43.37
615,MICRONESIA,2022,0.62,0.0001,-13.82
616,MOLDOVA,2022,9.03,0.0021,-22.0
617,MONACO,2022,3.58,0.0008,85.97
618,MONGOLIA,2022,25.94,0.0061,36.68
619,MONTENEGRO,2022,21.76,0.0052,8.95
620,MONTSERRAT,2022,0.08,0.0,23.93
621,MOROCCO,2022,962.28,0.228,89.57
622,MOZAMBIQUE,2022,1975.76,0.4682,60.46
623,MYANMAR,2022,893.03,0.2116,15.59
624,N. MARIANA IS.,2022,0.38,0.0001,29.56
625,NAMIBIA,2022,205.88,0.0488,303.63
626,NAURU RP,2022,0.31,0.0001,223.97
627,NEPAL,2022,9645.74,2.2857,41.05
628,NETHERLAND,2022,12543.69,2.9724,93.79
629,NETHERLANDANTIL,2022,29.65,0.007,54.23
630,NEW CALEDONIA,2022,18.81,0.0045,63.6
631,NEW ZEALAND,2022,487.6,0.1155,0.28
632,NICARAGUA,2022,107.47,0.0255,19.85
633,NIGER,2022,91.62,0.0217,5.27
634,NIGERIA,2022,4663.17,1.105,48.75
635,NIUE IS,2022,0.0,,
636,NORFOLK IS,2022,0.18,0.0,-17.14
637,NORWAY,2022,379.72,0.09,17.75
638,OMAN,2022,3148.33,0.746,33.67
639,PAKISTAN IR,2022,513.82,0.1218,57.19
640,PALAU,2022,0.11,0.0,-49.97
641,PANAMA REPUBLIC,2022,347.75,0.0824,128.96
642,PAPUA N GNA,2022,69.95,0.0166,24.52
643,PARAGUAY,2022,211.15,0.05,31.3
644,PERU,2022,897.55,0.2127,17.37
645,PHILIPPINES,2022,2107.24,0.4993,44.6
646,PITCAIRN IS.,2022,0.0,,
647,POLAND,2022,2723.94,0.6455,64.82
648,PORTUGAL,2022,1191.8,0.2824,42.37
649,PUERTO RICO,2022,277.85,0.0658,77.86
650,QATAR,2022,1837.75,0.4355,43.04
651,REUNION,2022,58.53,0.0139,33.46
652,ROMANIA,2022,592.74,0.1405,59.41
653,RUSSIA,2022,3254.68,0.7712,22.56
654,RWANDA,2022,127.87,0.0303,-4.78
655,SAHARWI A.DM RP,2022,0.01,0.0,-63.01
656,SAMOA,2022,1.4,0.0003,-48.29
657,SAN MARINO,2022,0.29,0.0001,12.72
658,SAO TOME,2022,2.07,0.0005,5.69
659,SAUDI ARAB,2022,8758.94,2.0756,49.56
660,SENEGAL,2022,953.59,0.226,36.4
661,SERBIA,2022,89.89,0.0213,-0.97
662,SEYCHELLES,2022,44.92,0.0106,-18.45
663,SIERRA LEONE,2022,178.8,0.0424,17.55
664,SINGAPORE,2022,11150.61,2.6423,28.53
665,SINT MAARTEN (DUTCH PART),2022,0.09,0.0,5542.73
666,SLOVAK REP,2022,171.13,0.0406,9.72
667,SLOVENIA,2022,494.39,0.1172,39.35
668,SOLOMON IS,2022,1.85,0.0004,12.05
669,SOMALIA,2022,744.58,0.1764,34.29
670,SOUTH AFRICA,2022,6085.29,1.442,54.68
671,SOUTH SUDAN,2022,26.91,0.0064,17.47
672,SPAIN,2022,4725.45,1.1198,45.91
673,SRI LANKA DSR,2022,5802.18,1.3749,65.86
674,ST HELENA,2022,0.0,,
675,ST KITT N A,2022,2.61,0.0006,163.63
676,ST LUCIA,2022,4.07,0.001,19.76
677,ST VINCENT,2022,0.85,0.0002,34.16
678,STATE OF PALEST,2022,1.97,0.0005,-1.78
679,SUDAN,2022,1077.25,0.2553,5.37
680,SURINAME,2022,17.36,0.0041,1.39
681,SWAZILAND,2022,26.82,0.0064,10.28
682,SWEDEN,2022,1035.97,0.2455,35.63
683,SWITZERLAND,2022,1348.57,0.3196,6.9
684,SYRIA,2022,105.46,0.025,-15.13
685,TAIWAN,2022,2756.63,0.6532,70.15
686,TAJIKISTAN,2022,35.35,0.0084,-33.86
687,TANZANIA REP,2022,2300.88,0.5452,59.89
688,THAILAND,2022,5751.3,1.3629,35.72
689,TIMOR LESTE,2022,26.04,0.0062,2.66
690,TOGO,2022,3012.08,0.7138,94.68
691,TONGA,2022,1.33,0.0003,56.15
692,TRINIDAD,2022,93.27,0.0221,24.71
693,TUNISIA,2022,406.82,0.0964,53.72
694,TURKEY,2022,8716.13,2.0654,120.5
695,TURKMENISTAN,2022,104.29,0.0247,72.84
696,TURKS C IS,2022,0.64,0.0002,411.99
697,TUVALU,2022,0.22,0.0001,8598.17
698,U ARAB EMTS,2022,28044.88,6.6456,68.14
699,U K,2022,10461.29,2.479,28.24
700,U S A,2022,76167.01,18.0489,47.54
701,UGANDA,2022,697.78,0.1653,4.1
702,UKRAINE,2022,472.68,0.112,4.81
703,UNSPECIFIED,2022,1299.63,0.308,77.22
704,URUGUAY,2022,150.73,0.0357,43.95
705,US MINOR OUTLYING ISLANDS,2022,0.33,0.0001,-66.07
706,UZBEKISTAN,2022,271.18,0.0643,-3.17
707,VANUATU REP,2022,3.16,0.0007,40.25
708,VATICAN CITY,2022,0.03,0.0,-49.11
709,VENEZUELA,2022,334.36,0.0792,-39.98
710,VIETNAM SOC REP,2022,6702.67,1.5883,34.06
711,VIRGIN IS US,2022,4.28,0.001,-94.29
712,WALLIS F IS,2022,0.0,0.0,-79.21
713,YEMEN REPUBLC,2022,846.57,0.2006,7.77
714,ZAMBIA,2022,340.97,0.0808,26.82
715,ZIMBABWE,2022,200.49,0.0475,14.1
716,AFGHANISTAN,2023,437.05,0.0969,-21.18
717,ALBANIA,2023,344.52,0.0764,524.58
718,ALGERIA,2023,613.83,0.1361,-12.72
719,AMERI SAMOA,2023,0.03,0.0,-96.46
720,ANDORRA,2023,0.23,0.0001,362.05
721,ANGOLA,2023,621.78,0.1378,37.43
722,ANGUILLA,2023,0.04,0.0,-53.74
723,ANTARTICA,2023,0.1,0.0,38.13
724,ANTIGUA,2023,2.9,0.0006,17.1
725,ARGENTINA,2023,960.4,0.2129,-32.65
726,ARMENIA,2023,61.37,0.0136,123.37
727,ARUBA,2023,14.62,0.0032,135.21
728,AUSTRALIA,2023,6951.32,1.5411,-16.08
729,AUSTRIA,2023,1261.64,0.2797,123.57
730,AZERBAIJAN,2023,100.96,0.0224,177.22
731,BAHAMAS,2023,12.76,0.0028,58.26
732,BAHARAIN IS,2023,965.25,0.214,7.26
733,BANGLADESH PR,2023,12215.85,2.7082,-24.39
734,BARBADOS,2023,24.19,0.0054,49.35
735,BELARUS,2023,43.91,0.0097,-32.79
736,BELGIUM,2023,8864.09,1.9651,-12.1
737,BELIZE,2023,15.93,0.0035,4.51
738,BENIN,2023,892.81,0.1979,24.62
739,BERMUDA,2023,5.05,0.0011,-8.57
740,BHUTAN,2023,1079.09,0.2392,21.82
741,BOLIVIA,2023,77.34,0.0171,-34.43
742,BOSNIA-HRZGOVIN,2023,17.23,0.0038,1.32
743,BOTSWANA,2023,171.27,0.038,-38.58
744,BR VIRGN IS,2023,0.45,0.0001,24.68
745,BRAZIL,2023,9919.47,2.1991,52.87
746,BRITISH INDIAN,2023,0.03,0.0,
747,BRUNEI,2023,69.48,0.0154,60.99
748,BULGARIA,2023,211.42,0.0469,-14.43
749,BURKINA FASO,2023,176.78,0.0392,-10.1
750,BURUNDI,2023,42.75,0.0095,-29.34
751,C AFRI REP,2023,20.85,0.0046,3.6
752,CAMBODIA,2023,220.43,0.0489,11.12
753,CAMEROON,2023,553.17,0.1226,37.24
754,CANADA,2023,4109.74,0.9111,9.19
755,CAPE VERDE IS,2023,4.51,0.001,-28.02
756,CAYMAN IS,2023,5.68,0.0013,-14.45
757,CHAD,2023,57.5,0.0127,8.61
758,CHILE,2023,1166.43,0.2586,-1.31
759,CHINA P RP,2023,15306.1,3.3933,-28.0
760,CHRISTMAS IS.,2023,0.0,,
761,COCOS IS,2023,0.01,0.0,
762,COLOMBIA,2023,1447.93,0.321,5.18
763,COMOROS,2023,39.83,0.0088,72.8
764,CONGO D. REP.,2023,631.11,0.1399,11.08
765,CONGO P REP,2023,178.49,0.0396,10.85
766,COOK IS,2023,0.13,0.0,236.38
767,COSTA RICA,2023,192.72,0.0427,30.66
768,COTE D' IVOIRE,2023,887.79,0.1968,21.85
769,CROATIA,2023,339.73,0.0753,-31.11
770,CUBA,2023,79.04,0.0175,197.48
771,CYPRUS,2023,81.88,0.0182,-41.45
772,CZECH REPUBLIC,2023,1169.32,0.2592,86.13
773,DENMARK,2023,911.39,0.2021,-3.47
774,DJIBOUTI,2023,1191.39,0.2641,67.02
775,DOMINIC REP,2023,329.63,0.0731,6.3
776,DOMINICA,2023,2.91,0.0006,3.67
777,ECUADOR,2023,399.79,0.0886,31.14
778,EGYPT A RP,2023,4109.41,0.911,9.76
779,EL SALVADOR,2023,126.98,0.0282,-21.65
780,EQUTL GUINEA,2023,23.08,0.0051,85.57
781,ERITREA,2023,17.95,0.004,3.05
782,ESTONIA,2023,71.26,0.0158,14.75
783,ETHIOPIA,2023,585.53,0.1298,-14.05
784,FALKLAND IS,2023,0.0,0.0,-56.81
785,FAROE IS.,2023,0.35,0.0001,32.11
786,FIJI IS,2023,80.02,0.0177,38.05
787,FINLAND,2023,532.5,0.1181,54.64
788,FR GUIANA,2023,1.5,0.0003,-27.67
789,FR POLYNESIA,2023,10.13,0.0022,9.89
790,FRANCE,2023,7610.06,1.6871,14.59
791,GABON,2023,80.42,0.0178,51.75
792,GAMBIA,2023,122.6,0.0272,-20.01
793,GEORGIA,2023,265.31,0.0588,61.86
794,GERMANY,2023,10134.55,2.2468,2.54
795,GHANA,2023,964.17,0.2138,-13.1
796,GIBRALTAR,2023,445.18,0.0987,-8.9
797,GREECE,2023,785.72,0.1742,-27.08
798,GREENLAND,2023,0.03,0.0,-97.56
799,GRENADA,2023,3.89,0.0009,-1.72
800,GUADELOUPE,2023,3.39,0.0008,-5.37
801,GUAM,2023,0.64,0.0001,-62.04
802,GUATEMALA,2023,465.35,0.1032,-15.72
803,GUINEA,2023,631.93,0.1401,12.54
804,GUINEA BISSAU,2023,9.88,0.0022,-6.9
805,GUYANA,2023,62.15,0.0138,-6.4
806,HAITI,2023,88.07,0.0195,-11.48
807,HONDURAS,2023,273.35,0.0606,-14.01
808,HONG KONG,2023,9892.61,2.1931,-9.94
809,HUNGARY,2023,575.44,0.1276,4.46
810,ICELAND,2023,10.41,0.0023,-11.57
811,INDONESIA,2023,10024.3,2.2223,18.33
812,IRAN,2023,1659.12,0.3678,14.34
813,IRAQ,2023,2696.72,0.5979,12.21
814,IRELAND,2023,581.5,0.1289,-15.47
815,ISRAEL,2023,8451.11,1.8736,76.21
816,ITALY,2023,8691.43,1.9268,6.24
817,JAMAICA,2023,87.75,0.0195,8.88
818,JAPAN,2023,5461.34,1.2108,-11.58
819,JORDAN,2023,2143.8,0.4753,141.07
820,KAZAKHSTAN,2023,436.5,0.0968,85.65
821,KENYA,2023,3273.66,0.7258,24.38
822,KIRIBATI REP,2023,1.51,0.0003,-8.21
823,KOREA DP RP,2023,1.77,0.0004,421.34
824,KOREA RP,2023,6654.1,1.4752,-17.7
825,KUWAIT,2023,1560.45,0.3459,25.65
826,KYRGHYZSTAN,2023,52.38,0.0116,59.25
827,LAO PD RP,2023,16.98,0.0038,15.9
828,LATVIA,2023,187.31,0.0415,40.91
829,LEBANON,2023,403.0,0.0893,28.7
830,LESOTHO,2023,15.06,0.0033,36.97
831,LIBERIA,2023,257.15,0.057,4.09
832,LIBYA,2023,337.91,0.0749,41.03
833,LIECHTENSTEIN,2023,0.3,0.0001,-84.84
834,LITHUANIA,2023,357.44,0.0792,8.04
835,LUXEMBOURG,2023,41.76,0.0093,186.74
836,MACAO,2023,4.35,0.001,-63.87
837,MACEDONIA,2023,27.9,0.0062,-8.61
838,MADAGASCAR,2023,525.38,0.1165,49.57
839,MALAWI,2023,114.63,0.0254,-23.79
840,MALAYSIA,2023,7156.16,1.5865,2.3
841,MALDIVES,2023,476.75,0.1057,-28.89
842,MALI,2023,132.49,0.0294,-36.17
843,MALTA,2023,312.76,0.0693,-34.46
844,MARSHALL ISLAND,2023,0.48,0.0001,-54.92
845,MARTINIQUE,2023,5.19,0.0011,-17.09
846,MAURITANIA,2023,146.57,0.0325,51.26
847,MAURITIUS,2023,462.69,0.1026,-35.27
848,MAYOTTE,2023,5.58,0.0012,60.41
849,MEXICO,2023,5196.36,1.152,17.43
850,MICRONESIA,2023,0.59,0.0001,-4.14
851,MOLDOVA,2023,11.99,0.0027,32.73
852,MONACO,2023,2.79,0.0006,-21.97
853,MONGOLIA,2023,33.9,0.0075,30.72
854,MONTENEGRO,2023,28.28,0.0063,29.93
855,MONTSERRAT,2023,0.15,0.0,75.73
856,MOROCCO,2023,1047.15,0.2321,8.82
857,MOZAMBIQUE,2023,2506.47,0.5557,26.86
858,MYANMAR,2023,807.0,0.1789,-9.63
859,N. MARIANA IS.,2023,0.18,0.0,-51.74
860,NAMIBIA,2023,240.6,0.0533,16.86
861,NAURU RP,2023,0.3,0.0001,-2.51
862,NEPAL,2023,8079.25,1.7911,-16.24
863,NETHERLAND,2023,21618.38,4.7927,72.34
864,NETHERLANDANTIL,2023,31.02,0.0069,4.61
865,NEW CALEDONIA,2023,18.66,0.0041,-0.8
866,NEW ZEALAND,2023,547.84,0.1215,12.35
867,NICARAGUA,2023,108.69,0.0241,1.13
868,NIGER,2023,83.83,0.0186,-8.5
869,NIGERIA,2023,5159.44,1.1438,10.64
870,NIUE IS,2023,0.0,0.0,
871,NORFOLK IS,2023,0.02,0.0,-88.86
872,NORWAY,2023,569.19,0.1262,49.89
873,OMAN,2023,4477.25,0.9926,42.21
874,PACIFIC IS,2023,0.29,0.0001,
875,PAKISTAN IR,2023,627.1,0.139,22.04
876,PALAU,2023,0.22,0.0,110.02
877,PANAMA REPUBLIC,2023,314.56,0.0697,-9.54
878,PAPUA N GNA,2023,85.84,0.019,22.72
879,PARAGUAY,2023,156.34,0.0347,-25.96
880,PERU,2023,865.79,0.1919,-3.54
881,PHILIPPINES,2023,2094.15,0.4643,-0.62
882,PITCAIRN IS.,2023,0.0,0.0,
883,POLAND,2023,2323.11,0.515,-14.72
884,PORTUGAL,2023,1005.41,0.2229,-15.64
885,PUERTO RICO,2023,268.84,0.0596,-3.24
886,QATAR,2023,1966.78,0.436,7.02
887,REUNION,2023,47.21,0.0105,-19.35
888,ROMANIA,2023,744.39,0.165,25.58
889,RUSSIA,2023,3146.95,0.6977,-3.31
890,RWANDA,2023,143.78,0.0319,12.45
891,SAHARWI A.DM RP,2023,0.03,0.0,101.59
892,SAMOA,2023,1.22,0.0003,-13.13
893,SAN MARINO,2023,0.47,0.0001,62.77
894,SAO TOME,2023,1.51,0.0003,-27.29
895,SAUDI ARAB,2023,10727.65,2.3783,22.48
896,SENEGAL,2023,1134.2,0.2514,18.94
897,SERBIA,2023,82.69,0.0183,-8.01
898,SEYCHELLES,2023,64.88,0.0144,44.43
899,SIERRA LEONE,2023,237.38,0.0526,32.77
900,SINGAPORE,2023,11992.94,2.6588,7.55
901,SINT MAARTEN (DUTCH PART),2023,0.01,0.0,-88.26
902,SLOVAK REP,2023,190.22,0.0422,11.16
903,SLOVENIA,2023,610.87,0.1354,23.56
904,SOLOMON IS,2023,2.69,0.0006,45.31
905,SOMALIA,2023,946.37,0.2098,27.1
906,SOUTH AFRICA,2023,8474.42,1.8787,39.26
907,SOUTH SUDAN,2023,32.31,0.0072,20.04
908,SPAIN,2023,4661.01,1.0333,-1.36
909,SRI LANKA DSR,2023,5111.59,1.1332,-11.9
910,ST HELENA,2023,0.05,0.0,
911,ST KITT N A,2023,2.63,0.0006,1.03
912,ST LUCIA,2023,5.13,0.0011,26.1
913,ST VINCENT,2023,1.19,0.0003,40.22
914,STATE OF PALEST,2023,2.65,0.0006,34.46
915,SUDAN,2023,1815.84,0.4026,68.56
916,SURINAME,2023,12.23,0.0027,-29.53
917,SWAZILAND,2023,14.98,0.0033,-44.14
918,SWEDEN,2023,961.93,0.2133,-7.15
919,SWITZERLAND,2023,1346.54,0.2985,-0.15
920,SYRIA,2023,103.43,0.0229,-1.92
921,TAIWAN,2023,2637.47,0.5847,-4.32
922,TAJIKISTAN,2023,49.4,0.011,39.74
923,TANZANIA REP,2023,3935.49,0.8725,71.04
924,THAILAND,2023,5709.81,1.2658,-0.72
925,TIMOR LESTE,2023,35.49,0.0079,36.29
926,TOGO,2023,6048.07,1.3408,100.79
927,TONGA,2023,1.45,0.0003,9.39
928,TRINIDAD,2023,104.93,0.0233,12.5
929,TUNISIA,2023,423.11,0.0938,4.01
930,TURKEY,2023,9609.67,2.1304,10.25
931,TURKMENISTAN,2023,90.29,0.02,-13.43
932,TURKS C IS,2023,1.76,0.0004,174.43
933,TUVALU,2023,0.25,0.0001,14.91
934,U ARAB EMTS,2023,31608.79,7.0075,12.71
935,U K,2023,11405.63,2.5286,9.03
936,U S A,2023,78542.6,17.4125,3.12
937,UGANDA,2023,560.06,0.1242,-19.74
938,UKRAINE,2023,132.68,0.0294,-71.93
939,UNSPECIFIED,2023,3046.22,0.6753,134.39
940,URUGUAY,2023,155.0,0.0344,2.84
941,US MINOR OUTLYING ISLANDS,2023,0.11,0.0,-65.72
942,UZBEKISTAN,2023,283.31,0.0628,4.47
943,VANUATU REP,2023,3.39,0.0008,7.43
944,VATICAN CITY,2023,0.16,0.0,363.2
945,VENEZUELA,2023,178.0,0.0395,-46.76
946,VIETNAM SOC REP,2023,5909.16,1.31,-11.84
947,VIRGIN IS US,2023,7.59,0.0017,77.33
948,WALLIS F IS,2023,0.0,0.0,-77.61
949,YEMEN REPUBLC,2023,1000.36,0.2218,18.17
950,ZAMBIA,2023,280.68,0.0622,-17.68
951,ZIMBABWE,2023,157.33,0.0349,-21.53
952,AFGHANISTAN,2024,355.45,0.0813,-18.67
953,ALBANIA,2024,1154.05,0.264,234.97
954,ALGERIA,2024,848.16,0.1941,38.18
955,AMERI SAMOA,2024,4.15,0.0009,14921.54
956,ANDORRA,2024,0.32,0.0001,39.94
957,ANGOLA,2024,697.72,0.1596,12.21
958,ANGUILLA,2024,0.26,0.0001,524.46
959,ANTARTICA,2024,0.26,0.0001,156.68
960,ANTIGUA,2024,14.97,0.0034,416.7
961,ARGENTINA,2024,1085.75,0.2484,13.05
962,ARMENIA,2024,94.46,0.0216,53.94
963,ARUBA,2024,14.79,0.0034,1.12
964,AUSTRALIA,2024,7940.75,1.8168,14.23
965,AUSTRIA,2024,1136.41,0.26,-9.93
966,AZERBAIJAN,2024,89.67,0.0205,-11.18
967,BAHAMAS,2024,106.34,0.0243,733.3
968,BAHARAIN IS,2024,909.42,0.2081,-5.78
969,BANGLADESH PR,2024,11065.87,2.5318,-9.41
970,BARBADOS,2024,18.83,0.0043,-22.13
971,BELARUS,2024,43.83,0.01,-0.18
972,BELGIUM,2024,7837.17,1.7931,-11.59
973,BELIZE,2024,13.47,0.0031,-15.48
974,BENIN,2024,752.55,0.1722,-15.71
975,BERMUDA,2024,6.08,0.0014,20.38
976,BHUTAN,2024,963.73,0.2205,-10.69
977,BOLIVIA,2024,71.41,0.0163,-7.67
978,BOSNIA-HRZGOVIN,2024,29.28,0.0067,69.95
979,BOTSWANA,2024,109.26,0.025,-36.21
980,BR VIRGN IS,2024,0.64,0.0001,41.8
981,BRAZIL,2024,6021.84,1.3778,-39.29
982,BRITISH INDIAN,2024,0.0,,
983,BRUNEI,2024,67.44,0.0154,-2.94
984,BULGARIA,2024,223.64,0.0512,5.78
985,BURKINA FASO,2024,120.82,0.0276,-31.65
986,BURUNDI,2024,38.37,0.0088,-10.25
987,C AFRI REP,2024,65.25,0.0149,212.88
988,CAMBODIA,2024,185.39,0.0424,-15.9
989,CAMEROON,2024,454.04,0.1039,-17.92
990,CANADA,2024,3845.29,0.8798,-6.43
991,CAPE VERDE IS,2024,3.16,0.0007,-30.06
992,CAYMAN IS,2024,7.12,0.0016,25.48
993,CHAD,2024,79.84,0.0183,38.86
994,CHILE,2024,1182.94,0.2707,1.42
995,CHINA P RP,2024,16658.91,3.8115,8.84
996,CHRISTMAS IS.,2024,0.0,0.0,
997,COCOS IS,2024,0.01,0.0,4.54
998,COLOMBIA,2024,1218.86,0.2789,-15.82
999,COMOROS,2024,27.95,0.0064,-29.81
1000,CONGO D. REP.,2024,580.69,0.1329,-7.99
1001,CONGO P REP,2024,176.03,0.0403,-1.38
1002,COOK IS,2024,0.23,0.0001,69.93
1003,COSTA RICA,2024,183.82,0.0421,-4.62
1004,COTE D' IVOIRE,2024,685.53,0.1568,-22.78
1005,CROATIA,2024,233.3,0.0534,-31.33
1006,CUBA,2024,40.46,0.0093,-48.82
1007,CYPRUS,2024,94.92,0.0217,15.92
1008,CZECH REPUBLIC,2024,1389.79,0.318,18.85
1009,DENMARK,2024,856.24,0.1959,-6.05
1010,DJIBOUTI,2024,1143.58,0.2616,-4.01
1011,DOMINIC REP,2024,347.0,0.0794,5.27
1012,DOMINICA,2024,2.53,0.0006,-12.94
1013,ECUADOR,2024,459.21,0.1051,14.86
1014,EGYPT A RP,2024,3520.62,0.8055,-14.33
1015,EL SALVADOR,2024,128.91,0.0295,1.52
1016,EQUTL GUINEA,2024,26.79,0.0061,16.07
1017,ERITREA,2024,10.05,0.0023,-44.0
1018,ESTONIA,2024,77.29,0.0177,8.47
1019,ETHIOPIA,2024,489.59,0.112,-16.38
1020,FALKLAND IS,2024,0.0,,
1021,FAROE IS.,2024,5.94,0.0014,1574.98
1022,FIJI IS,2024,76.28,0.0175,-4.67
1023,FINLAND,2024,582.52,0.1333,9.39
1024,FR GUIANA,2024,1.47,0.0003,-2.33
1025,FR POLYNESIA,2024,12.0,0.0027,18.41
1026,FRANCE,2024,7141.09,1.6338,-6.16
1027,GABON,2024,72.67,0.0166,-9.64
1028,GAMBIA,2024,175.95,0.0403,43.51
1029,GEORGIA,2024,197.49,0.0452,-25.57
1030,GERMANY,2024,9839.63,2.2513,-2.91
1031,GHANA,2024,1098.88,0.2514,13.97
1032,GIBRALTAR,2024,829.43,0.1898,86.31
1033,GREECE,2024,1055.17,0.2414,34.29
1034,GREENLAND,2024,0.23,0.0001,563.79
1035,GRENADA,2024,4.4,0.001,13.14
1036,GUADELOUPE,2024,4.61,0.0011,36.15
1037,GUAM,2024,0.85,0.0002,32.7
1038,GUATEMALA,2024,559.05,0.1279,20.14
1039,GUINEA,2024,696.48,0.1594,10.22
1040,GUINEA BISSAU,2024,6.98,0.0016,-29.29
1041,GUYANA,2024,99.36,0.0227,59.87
1042,HAITI,2024,105.54,0.0241,19.84
1043,HONDURAS,2024,265.93,0.0608,-2.72
1044,HONG KONG,2024,8243.93,1.8862,-16.67
1045,HUNGARY,2024,561.46,0.1285,-2.43
1046,ICELAND,2024,12.16,0.0028,16.85
1047,INDONESIA,2024,5988.88,1.3702,-40.26
1048,IRAN,2024,1222.26,0.2796,-26.33
1049,IRAQ,2024,3354.73,0.7675,24.4
1050,IRELAND,2024,702.73,0.1608,20.85
1051,ISRAEL,2024,4525.92,1.0355,-46.45
1052,ITALY,2024,8765.78,2.0056,0.86
1053,JAMAICA,2024,109.15,0.025,24.38
1054,JAPAN,2024,5156.28,1.1797,-5.59
1055,JERSEY,2024,0.0,0.0,
1056,JORDAN,2024,1465.26,0.3352,-31.65
1057,KAZAKHSTAN,2024,236.56,0.0541,-45.8
1058,KENYA,2024,3174.83,0.7264,-3.02
1059,KIRIBATI REP,2024,1.04,0.0002,-31.38
1060,KOREA DP RP,2024,2.04,0.0005,15.69
1061,KOREA RP,2024,6416.67,1.4681,-3.57
1062,KUWAIT,2024,2103.22,0.4812,34.78
1063,KYRGHYZSTAN,2024,45.72,0.0105,-12.7
1064,LAO PD RP,2024,12.88,0.0029,-24.15
1065,LATVIA,2024,220.49,0.0504,17.71
1066,LEBANON,2024,344.91,0.0789,-14.42
1067,LESOTHO,2024,5.55,0.0013,-63.14
1068,LIBERIA,2024,243.29,0.0557,-5.39
1069,LIBYA,2024,565.12,0.1293,67.24
1070,LIECHTENSTEIN,2024,0.88,0.0002,197.19
1071,LITHUANIA,2024,314.42,0.0719,-12.04
1072,LUXEMBOURG,2024,39.65,0.0091,-5.04
1073,MACAO,2024,0.96,0.0002,-77.96
1074,MACEDONIA,2024,36.64,0.0084,31.33
1075,MADAGASCAR,2024,231.91,0.0531,-55.86
1076,MALAWI,2024,87.18,0.0199,-23.95
1077,MALAYSIA,2024,7262.15,1.6615,1.48
1078,MALDIVES,2024,891.89,0.2041,87.08
1079,MALI,2024,119.62,0.0274,-9.71
1080,MALTA,2024,496.11,0.1135,58.63
1081,MARSHALL ISLAND,2024,2.19,0.0005,358.04
1082,MARTINIQUE,2024,4.59,0.001,-11.52
1083,MAURITANIA,2024,96.38,0.0221,-34.24
1084,MAURITIUS,2024,778.03,0.178,68.15
1085,MAYOTTE,2024,7.57,0.0017,35.73
1086,MEXICO,2024,5324.23,1.2182,2.46
1087,MICRONESIA,2024,0.62,0.0001,4.73
1088,MOLDOVA,2024,12.51,0.0029,4.32
1089,MONACO,2024,2.36,0.0005,-15.43
1090,MONGOLIA,2024,33.15,0.0076,-2.22
1091,MONTENEGRO,2024,34.91,0.008,23.46
1092,MONTSERRAT,2024,0.12,0.0,-17.35
1093,MOROCCO,2024,1032.58,0.2362,-1.39
1094,MOZAMBIQUE,2024,1996.0,0.4567,-20.37
1095,MYANMAR,2024,670.37,0.1534,-16.93
1096,N. MARIANA IS.,2024,0.31,0.0001,69.02
1097,NAMIBIA,2024,453.48,0.1038,88.48
1098,NAURU RP,2024,0.09,0.0,-71.81
1099,NEPAL,2024,7040.98,1.6109,-12.85
1100,NETHERLAND,2024,22366.86,5.1174,3.46
1101,NETHERLANDANTIL,2024,21.43,0.0049,-30.9
1102,NEW CALEDONIA,2024,15.4,0.0035,-17.44
1103,NEW ZEALAND,2024,538.33,0.1232,-1.74
1104,NICARAGUA,2024,132.31,0.0303,21.73
1105,NIGER,2024,47.22,0.0108,-43.68
1106,NIGERIA,2024,3626.4,0.8297,-29.71
1107,NIUE IS,2024,0.0,,
1108,NORFOLK IS,2024,0.02,0.0,-9.94
1109,NORWAY,2024,403.08,0.0922,-29.18
1110,OMAN,2024,4426.47,1.0128,-1.13
1111,PACIFIC IS,2024,0.0,,
1112,PAKISTAN IR,2024,1188.85,0.272,89.58
1113,PALAU,2024,0.15,0.0,-34.07
1114,PANAMA REPUBLIC,2024,296.53,0.0678,-5.73
1115,PAPUA N GNA,2024,70.06,0.016,-18.38
1116,PARAGUAY,2024,212.25,0.0486,35.76
1117,PERU,2024,920.09,0.2105,6.27
1118,PHILIPPINES,2024,2097.17,0.4798,0.14
1119,PITCAIRN IS.,2024,0.0,0.0,263.77
1120,POLAND,2024,2436.27,0.5574,4.87
1121,PORTUGAL,2024,1183.8,0.2708,17.74
1122,PUERTO RICO,2024,140.53,0.0322,-47.73
1123,QATAR,2024,1700.01,0.389,-13.56
1124,REUNION,2024,45.33,0.0104,-3.98
1125,ROMANIA,2024,1778.05,0.4068,138.86
1126,RUSSIA,2024,4261.31,0.975,35.41
1127,RWANDA,2024,133.5,0.0305,-7.15
1128,SAHARWI A.DM RP,2024,0.07,0.0,129.16
1129,SAMOA,2024,1.92,0.0004,57.87
1130,SAN MARINO,2024,0.52,0.0001,11.49
1131,SAO TOME,2024,1.53,0.0004,1.78
1132,SAUDI ARAB,2024,11558.57,2.6445,7.75
1133,SENEGAL,2024,938.57,0.2147,-17.25
1134,SERBIA,2024,106.91,0.0245,29.29
1135,SEYCHELLES,2024,76.19,0.0174,17.44
1136,SIERRA LEONE,2024,267.86,0.0613,12.84
1137,SINGAPORE,2024,14414.27,3.2979,20.19
1138,SINT MAARTEN (DUTCH PART),2024,0.45,0.0001,4044.07
1139,SLOVAK REP,2024,193.03,0.0442,1.48
1140,SLOVENIA,2024,586.97,0.1343,-3.91
1141,SOLOMON IS,2024,2.99,0.0007,11.38
1142,SOMALIA,2024,819.58,0.1875,-13.4
1143,SOUTH AFRICA,2024,8707.53,1.9922,2.75
1144,SOUTH SUDAN,2024,41.68,0.0095,29.02
1145,SPAIN,2024,4793.7,1.0968,2.85
1146,SRI LANKA DSR,2024,4116.9,0.9419,-19.46
1147,ST HELENA,2024,0.0,0.0,-99.7
1148,ST KITT N A,2024,4.99,0.0011,89.45
1149,ST LUCIA,2024,7.26,0.0017,41.6
1150,ST VINCENT,2024,2.38,0.0005,100.93
1151,STATE OF PALEST,2024,0.65,0.0001,-75.61
1152,SUDAN,2024,805.04,0.1842,-55.67
1153,SURINAME,2024,29.25,0.0067,139.1
1154,SVALLBARD AND J,2024,0.11,0.0,
1155,SWAZILAND,2024,24.79,0.0057,65.44
1156,SWEDEN,2024,1018.8,0.2331,5.91
1157,SWITZERLAND,2024,1526.92,0.3494,13.4
1158,SYRIA,2024,63.2,0.0145,-38.9
1159,TAIWAN,2024,1840.59,0.4211,-30.21
1160,TAJIKISTAN,2024,51.64,0.0118,4.54
1161,TANZANIA REP,2024,4616.62,1.0563,17.31
1162,THAILAND,2024,5038.97,1.1529,-11.75
1163,TIMOR LESTE,2024,48.02,0.011,35.31
1164,TOGO,2024,3229.01,0.7388,-46.61
1165,TONGA,2024,1.59,0.0004,9.46
1166,TRINIDAD,2024,109.06,0.025,3.93
1167,TUNISIA,2024,439.2,0.1005,3.8
1168,TURKEY,2024,6654.63,1.5225,-30.75
1169,TURKMENISTAN,2024,37.46,0.0086,-58.52
1170,TURKS C IS,2024,1.11,0.0003,-37.22
1171,TUVALU,2024,0.11,0.0,-57.57
1172,U ARAB EMTS,2024,35625.02,8.1508,12.71
1173,U K,2024,12922.65,2.9566,13.3
1174,U S A,2024,77515.03,17.7351,-1.31
1175,UGANDA,2024,508.14,0.1163,-9.27
1176,UKRAINE,2024,173.3,0.0397,30.62
1177,UNSPECIFIED,2024,2987.0,0.6834,-1.94
1178,URUGUAY,2024,520.83,0.1192,236.01
1179,US MINOR OUTLYING ISLANDS,2024,0.3,0.0001,167.95
1180,UZBEKISTAN,2024,372.56,0.0852,31.5
1181,VANUATU REP,2024,3.92,0.0009,15.57
1182,VATICAN CITY,2024,0.09,0.0,-41.38
1183,VENEZUELA,2024,175.33,0.0401,-1.5
1184,VIETNAM SOC REP,2024,5470.15,1.2515,-7.43
1185,VIRGIN IS US,2024,5.83,0.0013,-23.26
1186,WALLIS F IS,2024,0.0,,
1187,YEMEN REPUBLC,2024,875.98,0.2004,-12.43
1188,ZAMBIA,2024,244.31,0.0559,-12.96
1189,ZIMBABWE,2024,152.37,0.0349,-3.15
1190,AFGHANISTAN,2025,318.91,0.0729,-10.28
1191,ALBANIA,2025,77.36,0.0177,-93.3
1192,ALGERIA,2025,947.04,0.2164,11.66
1193,AMERI SAMOA,2025,2.46,0.0006,-40.72
1194,ANDORRA,2025,0.26,0.0001,-16.98
1195,ANGOLA,2025,524.35,0.1198,-24.85
1196,ANGUILLA,2025,0.21,0.0,-20.2
1197,ANTARTICA,2025,0.26,0.0001,-0.45
1198,ANTIGUA,2025,4.76,0.0011,-68.18
1199,ARGENTINA,2025,1018.54,0.2327,-6.19
1200,ARMENIA,2025,264.51,0.0604,180.01
1201,ARUBA,2025,11.84,0.0027,-19.94
1202,AUSTRALIA,2025,8581.38,1.9605,8.07
1203,AUSTRIA,2025,1405.72,0.3212,23.7
1204,AZERBAIJAN,2025,93.97,0.0215,4.79
1205,BAHAMAS,2025,11.47,0.0026,-89.21
1206,BAHARAIN IS,2025,797.47,0.1822,-12.31
1207,BANGLADESH PR,2025,11485.26,2.624,3.79
1208,BARBADOS,2025,27.61,0.0063,46.57
1209,BELARUS,2025,69.33,0.0158,58.17
1210,BELGIUM,2025,6320.14,1.4439,-19.36
1211,BELIZE,2025,13.16,0.003,-2.3
1212,BENIN,2025,1194.98,0.273,58.79
1213,BERMUDA,2025,4.71,0.0011,-22.59
1214,BHUTAN,2025,1263.83,0.2887,31.14
1215,BOLIVIA,2025,70.12,0.016,-1.81
1216,BOSNIA-HRZGOVIN,2025,17.33,0.004,-40.79
1217,BOTSWANA,2025,173.44,0.0396,58.74
1218,BR VIRGN IS,2025,1.97,0.0005,209.72
1219,BRAZIL,2025,6771.01,1.5469,12.44
1220,BRITISH INDIAN,2025,0.02,0.0,
1221,BRUNEI,2025,58.67,0.0134,-13.0
1222,BULGARIA,2025,230.44,0.0526,3.04
1223,BURKINA FASO,2025,144.39,0.033,19.51
1224,BURUNDI,2025,29.37,0.0067,-23.45
1225,C AFRI REP,2025,11.85,0.0027,-81.84
1226,CAMBODIA,2025,201.11,0.0459,8.48
1227,CAMEROON,2025,596.15,0.1362,31.3
1228,CANADA,2025,4222.27,0.9646,9.8
1229,CAPE VERDE IS,2025,3.6,0.0008,14.15
1230,CAYMAN IS,2025,136.93,0.0313,1822.82
1231,CHAD,2025,81.27,0.0186,1.79
1232,CHILE,2025,1153.8,0.2636,-2.46
1233,CHINA P RP,2025,14252.21,3.2561,-14.45
1234,CHRISTMAS IS.,2025,0.02,0.0,565.24
1235,COCOS IS,2025,0.06,0.0,367.32
1236,COLOMBIA,2025,1471.65,0.3362,20.74
1237,COMOROS,2025,36.93,0.0084,32.12
1238,CONGO D. REP.,2025,562.9,0.1286,-3.06
1239,CONGO P REP,2025,178.39,0.0408,1.34
1240,COOK IS,2025,0.13,0.0,-44.15
1241,COSTA RICA,2025,223.87,0.0511,21.79
1242,COTE D' IVOIRE,2025,989.52,0.2261,44.34
1243,CROATIA,2025,335.76,0.0767,43.92
1244,CUBA,2025,15.27,0.0035,-62.26
1245,CURACAO,2025,0.29,0.0001,
1246,CYPRUS,2025,89.92,0.0205,-5.26
1247,CZECH REPUBLIC,2025,2062.69,0.4713,48.42
1248,DENMARK,2025,871.41,0.1991,1.77
1249,DJIBOUTI,2025,677.24,0.1547,-40.78
1250,DOMINIC REP,2025,381.67,0.0872,9.99
1251,DOMINICA,2025,6.59,0.0015,160.51
1252,ECUADOR,2025,316.69,0.0724,-31.03
1253,EGYPT A RP,2025,3411.36,0.7794,-3.1
1254,EL SALVADOR,2025,149.09,0.0341,15.66
1255,EQUTL GUINEA,2025,19.18,0.0044,-28.4
1256,ERITREA,2025,19.0,0.0043,88.99
1257,ESTONIA,2025,69.66,0.0159,-9.88
1258,ETHIOPIA,2025,476.81,0.1089,-2.61
1259,FALKLAND IS,2025,0.01,0.0,
1260,FAROE IS.,2025,12.67,0.0029,113.27
1261,FIJI IS,2025,84.67,0.0193,11.0
1262,FINLAND,2025,471.82,0.1078,-19.0
1263,FR GUIANA,2025,1.51,0.0003,2.95
1264,FR POLYNESIA,2025,12.52,0.0029,4.36
1265,FRANCE,2025,7960.06,1.8186,11.47
1266,GABON,2025,94.12,0.0215,29.51
1267,GAMBIA,2025,116.16,0.0265,-33.98
1268,GEORGIA,2025,288.98,0.066,46.33
1269,GERMANY,2025,10628.61,2.4283,8.02
1270,GHANA,2025,1346.75,0.3077,22.56
1271,GIBRALTAR,2025,26.67,0.0061,-96.78
1272,GREECE,2025,1056.17,0.2413,0.09
1273,GREENLAND,2025,0.03,0.0,-86.19
1274,GRENADA,2025,4.45,0.001,1.21
1275,GUADELOUPE,2025,5.29,0.0012,14.65
1276,GUAM,2025,1.21,0.0003,43.13
1277,GUATEMALA,2025,633.93,0.1448,13.39
1278,GUERNSEY,2025,0.0,0.0,
1279,GUINEA,2025,901.08,0.2059,29.38
1280,GUINEA BISSAU,2025,22.42,0.0051,220.98
1281,GUYANA,2025,92.59,0.0212,-6.82
1282,HAITI,2025,89.03,0.0203,-15.64
1283,HONDURAS,2025,274.47,0.0627,3.22
1284,HONG KONG,2025,6066.71,1.386,-26.41
1285,HUNGARY,2025,533.65,0.1219,-4.95
1286,ICELAND,2025,66.01,0.0151,442.71
1287,INDONESIA,2025,5380.18,1.2292,-10.16
1288,INSTALLATIONS IN INTERNATIONAL WATERS,2025,0.0,0.0,
1289,IRAN,2025,1241.15,0.2836,1.55
1290,IRAQ,2025,3272.52,0.7477,-2.45
1291,IRELAND,2025,864.67,0.1975,23.04
1292,ISRAEL,2025,2145.01,0.4901,-52.61
1293,ITALY,2025,7727.33,1.7654,-11.85
1294,JAMAICA,2025,93.01,0.0212,-14.79
1295,JAPAN,2025,6249.32,1.4277,21.2
1296,JERSEY,2025,0.0,0.0,6532.52
1297,JORDAN,2025,755.14,0.1725,-48.46
1298,KAZAKHSTAN,2025,262.98,0.0601,11.17
1299,KENYA,2025,3134.05,0.716,-1.28
1300,KIRIBATI REP,2025,3.89,0.0009,275.73
1301,KOREA DP RP,2025,2.61,0.0006,27.82
1302,KOREA RP,2025,5819.64,1.3296,-9.3
1303,KUWAIT,2025,1934.81,0.442,-8.01
1304,KYRGHYZSTAN,2025,46.26,0.0106,1.19
1305,LAO PD RP,2025,12.52,0.0029,-2.83
1306,LATVIA,2025,235.94,0.0539,7.01
1307,LEBANON,2025,337.05,0.077,-2.28
1308,LESOTHO,2025,10.3,0.0024,85.61
1309,LIBERIA,2025,376.33,0.086,54.68
1310,LIBYA,2025,650.37,0.1486,15.08
1311,LIECHTENSTEIN,2025,0.41,0.0001,-53.98
1312,LITHUANIA,2025,258.06,0.059,-17.93
1313,LUXEMBOURG,2025,49.9,0.0114,25.85
1314,MACAO,2025,1.42,0.0003,47.92
1315,MACEDONIA,2025,33.73,0.0077,-7.94
1316,MADAGASCAR,2025,268.8,0.0614,15.91
1317,MALAWI,2025,94.56,0.0216,8.47
1318,MALAYSIA,2025,7316.85,1.6716,0.75
1319,MALDIVES,2025,560.88,0.1281,-37.11
1320,MALI,2025,128.08,0.0293,7.07
1321,MALTA,2025,351.09,0.0802,-29.23
1322,MARSHALL ISLAND,2025,2.84,0.0006,29.95
1323,MARTINIQUE,2025,4.83,0.0011,5.3
1324,MAURITANIA,2025,114.83,0.0262,19.15
1325,MAURITIUS,2025,676.49,0.1546,-13.05
1326,MAYOTTE,2025,7.56,0.0017,-0.15
1327,MEXICO,2025,5749.01,1.3134,7.98
1328,MICRONESIA,2025,0.81,0.0002,30.47
1329,MOLDOVA,2025,10.39,0.0024,-16.93
1330,MONACO,2025,6.97,0.0016,195.18
1331,MONGOLIA,2025,26.46,0.006,-20.19
1332,MONTENEGRO,2025,124.67,0.0285,257.09
1333,MONTSERRAT,2025,0.12,0.0,1.26
1334,MOROCCO,2025,967.05,0.2209,-6.35
1335,MOZAMBIQUE,2025,1323.39,0.3023,-33.7
1336,MYANMAR,2025,614.3,0.1403,-8.36
1337,N. MARIANA IS.,2025,0.1,0.0,-66.44
1338,NAMIBIA,2025,327.21,0.0748,-27.85
1339,NAURU RP,2025,0.04,0.0,-54.53
1340,NEPAL,2025,7385.98,1.6874,4.9
1341,NETHERLAND,2025,22763.41,5.2006,1.77
1342,NETHERLANDANTIL,2025,21.68,0.005,1.18
1343,NEW CALEDONIA,2025,5.82,0.0013,-62.21
1344,NEW ZEALAND,2025,711.1,0.1625,32.09
1345,NICARAGUA,2025,159.33,0.0364,20.42
1346,NIGER,2025,72.68,0.0166,53.92
1347,NIGERIA,2025,2945.5,0.6729,-18.78
1348,NORFOLK IS,2025,0.8,0.0002,4360.03
1349,NORWAY,2025,425.01,0.0971,5.44
1350,OMAN,2025,4065.35,0.9288,-8.16
1351,PAKISTAN IR,2025,557.78,0.1274,-53.08
1352,PALAU,2025,0.24,0.0001,67.3
1353,PANAMA REPUBLIC,2025,287.43,0.0657,-3.07
1354,PAPUA N GNA,2025,70.38,0.0161,0.46
1355,PARAGUAY,2025,180.47,0.0412,-14.97
1356,PERU,2025,1002.26,0.229,8.93
1357,PHILIPPINES,2025,2162.43,0.494,3.11
1358,PITCAIRN IS.,2025,0.0,0.0,-68.09
1359,POLAND,2025,2618.61,0.5983,7.48
1360,PORTUGAL,2025,920.25,0.2102,-22.26
1361,PUERTO RICO,2025,135.05,0.0309,-3.9
1362,QATAR,2025,1682.48,0.3844,-1.03
1363,REUNION,2025,49.04,0.0112,8.19
1364,ROMANIA,2025,1036.01,0.2367,-41.73
1365,RUSSIA,2025,4881.3,1.1152,14.55
1366,RWANDA,2025,98.74,0.0226,-26.04
1367,SAHARWI A.DM RP,2025,0.03,0.0,-57.47
1368,SAMOA,2025,1.71,0.0004,-11.17
1369,SAN MARINO,2025,3.57,0.0008,587.28
1370,SAO TOME,2025,1.47,0.0003,-3.89
1371,SAUDI ARAB,2025,11756.65,2.686,1.71
1372,SENEGAL,2025,1001.1,0.2287,6.66
1373,SERBIA,2025,100.0,0.0228,-6.46
1374,SEYCHELLES,2025,196.03,0.0448,157.28
1375,SIERRA LEONE,2025,385.47,0.0881,43.91
1376,SINGAPORE,2025,12976.15,2.9646,-9.98
1377,SINT MAARTEN (DUTCH PART),2025,0.68,0.0002,49.55
1378,SLOVAK REP,2025,380.38,0.0869,97.05
1379,SLOVENIA,2025,586.74,0.134,-0.04
1380,SOLOMON IS,2025,2.56,0.0006,-14.37
1381,SOMALIA,2025,765.67,0.1749,-6.58
1382,SOUTH AFRICA,2025,7462.28,1.7049,-14.3
1383,SOUTH SUDAN,2025,21.26,0.0049,-48.99
1384,SPAIN,2025,4763.75,1.0883,-0.62
1385,SRI LANKA DSR,2025,4550.78,1.0397,10.54
1386,ST HELENA,2025,0.13,0.0,82752.23
1387,ST KITT N A,2025,2.73,0.0006,-45.21
1388,ST LUCIA,2025,10.23,0.0023,40.83
1389,ST VINCENT,2025,3.28,0.0008,37.83
1390,STATE OF PALEST,2025,0.02,0.0,-96.63
1391,SUDAN,2025,589.03,0.1346,-26.83
1392,SURINAME,2025,28.55,0.0065,-2.41
1393,SVALLBARD AND J,2025,0.0,,
1394,SWAZILAND,2025,18.57,0.0042,-25.08
1395,SWEDEN,2025,1262.05,0.2883,23.88
1396,SWITZERLAND,2025,1475.41,0.3371,-3.37
1397,SYRIA,2025,63.71,0.0146,0.8
1398,TAIWAN,2025,1781.7,0.4071,-3.2
1399,TAJIKISTAN,2025,45.68,0.0104,-11.55
1400,TANZANIA REP,2025,4789.61,1.0943,3.75
1401,THAILAND,2025,4812.58,1.0995,-4.49
1402,TIMOR LESTE,2025,38.41,0.0088,-20.0
1403,TOGO,2025,2522.05,0.5762,-21.89
1404,TOKELAU IS,2025,0.05,0.0,
1405,TONGA,2025,1.14,0.0003,-28.43
1406,TRINIDAD,2025,120.65,0.0276,10.63
1407,TUNISIA,2025,377.99,0.0864,-13.94
1408,TURKEY,2025,5716.54,1.306,-14.1
1409,TURKMENISTAN,2025,54.16,0.0124,44.6
1410,TURKS C IS,2025,1.72,0.0004,55.05
1411,TUVALU,2025,0.01,0.0,-89.27
1412,U ARAB EMTS,2025,36638.02,8.3705,2.84
1413,U K,2025,14549.95,3.3241,12.59
1414,U S A,2025,86514.28,19.7655,11.61
1415,UGANDA,2025,451.5,0.1032,-11.15
1416,UKRAINE,2025,187.4,0.0428,8.14
1417,UNION OF SERBIA & MONTENEGRO,2025,0.0,0.0,
1418,UNSPECIFIED,2025,3579.33,0.8178,19.83
1419,URUGUAY,2025,153.29,0.035,-70.57
1420,US MINOR OUTLYING ISLANDS,2025,0.59,0.0001,95.94
1421,UZBEKISTAN,2025,517.72,0.1183,38.97
1422,VANUATU REP,2025,3.75,0.0009,-4.39
1423,VATICAN CITY,2025,0.0,,
1424,VENEZUELA,2025,216.99,0.0496,23.76
1425,VIETNAM SOC REP,2025,5428.92,1.2403,-0.75
1426,VIRGIN IS US,2025,4.73,0.0011,-18.79
1427,YEMEN REPUBLC,2025,855.7,0.1955,-2.31
1428,ZAMBIA,2025,212.56,0.0486,-13.0
1429,ZIMBABWE,2025,149.31,0.0341,-2.01
1430,AFGHANISTAN,2019,715.44,0.2168,0.8
1431,ALBANIA,2019,37.08,0.0112,26.39
1432,ALGERIA,2019,940.27,0.2849,14.22
1433,AMERI SAMOA,2019,0.03,0.0,-91.64
1434,ANDORRA,2019,0.33,0.0001,-92.97
1435,ANGOLA,2019,282.36,0.0855,20.2
1436,ANGUILLA,2019,0.16,0.0,-68.84
1437,ANTARTICA,2019,0.0,0.0,-96.81
1438,ANTIGUA,2019,2.71,0.0008,24.92
1439,ARGENTINA,2019,562.93,0.1705,-20.57
1440,ARMENIA,2019,25.94,0.0079,-22.02
1441,ARUBA,2019,9.63,0.0029,49.6
1442,AUSTRALIA,2019,3520.44,1.0665,-12.26
1443,AUSTRIA,2019,483.16,0.1464,5.03
1444,AZERBAIJAN,2019,43.46,0.0132,29.05
1445,BAHAMAS,2019,6.06,0.0018,-25.0
1446,BAHARAIN IS,2019,742.14,0.2248,33.28
1447,BANGLADESH PR,2019,9210.06,2.7903,6.92
1448,BARBADOS,2019,12.43,0.0038,-2.45
1449,BELARUS,2019,55.71,0.0169,17.09
1450,BELGIUM,2019,6729.93,2.0389,8.43
1451,BELIZE,2019,16.98,0.0051,26.03
1452,BENIN,2019,426.9,0.1293,-11.01
1453,BERMUDA,2019,3.15,0.001,1.15
1454,BHUTAN,2019,657.33,0.1991,20.36
1455,BOLIVIA,2019,104.71,0.0317,-0.45
1456,BOSNIA-HRZGOVIN,2019,17.08,0.0052,11.11
1457,BOTSWANA,2019,178.31,0.054,64.22
1458,BR VIRGN IS,2019,10.69,0.0032,1304.27
1459,BRAZIL,2019,3800.49,1.1514,24.06
1460,BRUNEI,2019,56.19,0.017,-11.07
1461,BULGARIA,2019,212.43,0.0644,22.62
1462,BURKINA FASO,2019,181.44,0.055,22.3
1463,BURUNDI,2019,48.35,0.0146,26.95
1464,C AFRI REP,2019,26.8,0.0081,-10.45
1465,CAMBODIA,2019,195.98,0.0594,61.42
1466,CAMEROON,2019,178.25,0.054,-8.09
1467,CANADA,2019,2851.42,0.8639,13.78
1468,CAPE VERDE IS,2019,1.6,0.0005,7.9
1469,CAYMAN IS,2019,4.37,0.0013,8.6
1470,CHAD,2019,37.46,0.0113,37.3
1471,CHILE,2019,989.8,0.2999,29.63
1472,CHINA P RP,2019,16752.2,5.0752,25.64
1473,COLOMBIA,2019,1116.85,0.3384,18.92
1474,COMOROS,2019,19.29,0.0058,-34.89
1475,CONGO D. REP.,2019,302.94,0.0918,34.6
1476,CONGO P REP,2019,132.88,0.0403,13.88
1477,COOK IS,2019,0.27,0.0001,48.76
1478,COSTA RICA,2019,136.15,0.0412,1.94
1479,COTE D' IVOIRE,2019,448.64,0.1359,-12.33
1480,CROATIA,2019,153.79,0.0466,-8.82
1481,CUBA,2019,35.0,0.0106,-16.27
1482,CURACAO,2019,0.0,,
1483,CYPRUS,2019,70.65,0.0214,-29.29
1484,CZECH REPUBLIC,2019,429.13,0.13,5.86
1485,DENMARK,2019,746.59,0.2262,-4.78
1486,DJIBOUTI,2019,790.66,0.2395,110.02
1487,DOMINIC REP,2019,215.81,0.0654,9.6
1488,DOMINICA,2019,1.3,0.0004,-38.46
1489,ECUADOR,2019,297.96,0.0903,6.49
1490,EGYPT A RP,2019,2886.39,0.8745,20.65
1491,EL SALVADOR,2019,78.66,0.0238,13.27
1492,EQUTL GUINEA,2019,11.89,0.0036,10.4
1493,ERITREA,2019,9.03,0.0027,21.57
1494,ESTONIA,2019,64.32,0.0195,-19.93
1495,ETHIOPIA,2019,766.03,0.2321,12.01
1496,FALKLAND IS,2019,0.0,0.0,
1497,FAROE IS.,2019,2.96,0.0009,888.17
1498,FIJI IS,2019,60.8,0.0184,12.08
1499,FINLAND,2019,256.12,0.0776,-9.35
1500,FR GUIANA,2019,1.9,0.0006,-13.16
1501,FR POLYNESIA,2019,5.5,0.0017,-13.46
1502,FRANCE,2019,5232.57,1.5853,6.78
1503,GABON,2019,55.17,0.0167,22.39
1504,GAMBIA,2019,156.61,0.0474,30.26
1505,GEORGIA,2019,110.4,0.0334,42.88
1506,GERMANY,2019,8902.43,2.6971,2.47
1507,GHANA,2019,717.33,0.2173,12.83
1508,GIBRALTAR,2019,575.13,0.1742,97.86
1509,GREECE,2019,503.37,0.1525,16.02
1510,GREENLAND,2019,0.0,0.0,-56.21
1511,GRENADA,2019,3.77,0.0011,42.95
1512,GUADELOUPE,2019,3.42,0.001,-36.05
1513,GUAM,2019,0.66,0.0002,-25.51
1514,GUATEMALA,2019,305.37,0.0925,4.6
1515,GUERNSEY,2019,0.0,0.0,-99.97
1516,GUINEA,2019,404.84,0.1227,7.12
1517,GUINEA BISSAU,2019,10.76,0.0033,0.71
1518,GUYANA,2019,29.66,0.009,13.95
1519,HAITI,2019,79.35,0.024,-15.59
1520,HEARD MACDONALD,2019,0.03,0.0,-25.33
1521,HONDURAS,2019,166.72,0.0505,14.06
1522,HONG KONG,2019,13001.99,3.9391,-11.49
1523,HUNGARY,2019,458.08,0.1388,13.75
1524,ICELAND,2019,30.79,0.0093,422.15
1525,INDONESIA,2019,5275.6,1.5983,33.1
1526,INSTALLATIONS IN INTERNATIONAL WATERS,2019,0.0,,
1527,IRAN,2019,3511.01,1.0637,32.37
1528,IRAQ,2019,1788.66,0.5419,22.32
1529,IRELAND,2019,530.56,0.1607,-1.03
1530,ISRAEL,2019,3717.98,1.1264,10.52
1531,ITALY,2019,5593.42,1.6946,-2.04
1532,JAMAICA,2019,55.42,0.0168,6.09
1533,JAPAN,2019,4861.73,1.4729,2.69
1534,JERSEY,2019,0.0,,
1535,JORDAN,2019,578.81,0.1754,7.03
1536,KAZAKHSTAN,2019,143.13,0.0434,14.16
1537,KENYA,2019,2071.84,0.6277,4.93
1538,KIRIBATI REP,2019,0.37,0.0001,-32.91
1539,KOREA DP RP,2019,26.99,0.0082,-53.11
1540,KOREA RP,2019,4705.07,1.4254,5.47
1541,KUWAIT,2019,1333.92,0.4041,-2.32
1542,KYRGHYZSTAN,2019,30.02,0.0091,5.01
1543,LAO PD RP,2019,39.38,0.0119,57.49
1544,LATVIA,2019,115.52,0.035,2.94
1545,LEBANON,2019,268.67,0.0814,4.5
1546,LESOTHO,2019,30.46,0.0092,-3.58
1547,LIBERIA,2019,178.81,0.0542,-30.55
1548,LIBYA,2019,156.76,0.0475,28.53
1549,LIECHTENSTEIN,2019,3.4,0.001,21.5
1550,LITHUANIA,2019,127.38,0.0386,22.66
1551,LUXEMBOURG,2019,30.07,0.0091,163.98
1552,MACAO,2019,1.06,0.0003,-92.4
1553,MACEDONIA,2019,19.54,0.0059,12.45
1554,MADAGASCAR,2019,196.38,0.0595,-13.91
1555,MALAWI,2019,201.55,0.0611,0.98
1556,MALAYSIA,2019,6436.3,1.9499,12.89
1557,MALDIVES,2019,223.02,0.0676,2.77
1558,MALI,2019,130.69,0.0396,5.73
1559,MALTA,2019,229.52,0.0695,17.18
1560,MARSHALL ISLAND,2019,0.32,0.0001,-97.71
1561,MARTINIQUE,2019,3.58,0.0011,-19.2
1562,MAURITANIA,2019,115.59,0.035,39.0
1563,MAURITIUS,2019,1160.78,0.3517,7.76
1564,MAYOTTE,2019,2.79,0.0008,3623.24
1565,MEXICO,2019,3841.57,1.1638,1.55
1566,MICRONESIA,2019,0.34,0.0001,13.53
1567,MOLDOVA,2019,8.63,0.0026,20.8
1568,MONACO,2019,2.55,0.0008,31.27
1569,MONGOLIA,2019,22.81,0.0069,11.32
1570,MONTENEGRO,2019,38.93,0.0118,-24.56
1571,MONTSERRAT,2019,0.06,0.0,149.11
1572,MOROCCO,2019,680.06,0.206,57.3
1573,MOZAMBIQUE,2019,1073.31,0.3252,19.18
1574,MYANMAR,2019,1205.6,0.3652,24.78
1575,N. MARIANA IS.,2019,0.27,0.0001,566.4
1576,NAMIBIA,2019,82.37,0.025,87.78
1577,NAURU RP,2019,0.53,0.0002,-61.33
1578,NEPAL,2019,7766.2,2.3528,17.44
1579,NETHERLAND,2019,8812.84,2.6699,40.75
1580,NETHERLANDANTIL,2019,30.58,0.0093,-20.76
1581,NEW CALEDONIA,2019,8.83,0.0027,-13.89
1582,NEW ZEALAND,2019,379.87,0.1151,7.66
1583,NICARAGUA,2019,53.87,0.0163,-38.3
1584,NIGER,2019,94.84,0.0287,-21.11
1585,NIGERIA,2019,3005.21,0.9105,33.27
1586,NORFOLK IS,2019,0.19,0.0001,-50.17
1587,NORWAY,2019,313.05,0.0948,-13.04
1588,OMAN,2019,2246.31,0.6805,-7.92
1589,PAKISTAN IR,2019,2066.56,0.6261,7.39
1590,PALAU,2019,0.09,0.0,34.25
1591,PANAMA C Z,2019,0.0,,
1592,PANAMA REPUBLIC,2019,227.26,0.0688,0.09
1593,PAPUA N GNA,2019,49.72,0.0151,18.59
1594,PARAGUAY,2019,160.71,0.0487,-4.59
1595,PERU,2019,721.03,0.2184,-5.21
1596,PHILIPPINES,2019,1743.64,0.5282,3.0
1597,PITCAIRN IS.,2019,0.01,0.0,113.01
1598,POLAND,2019,1572.8,0.4765,2.04
1599,PORTUGAL,2019,743.27,0.2252,-0.54
1600,PUERTO RICO,2019,138.42,0.0419,77.35
1601,QATAR,2019,1611.16,0.4881,9.46
1602,REUNION,2019,47.23,0.0143,1.87
1603,ROMANIA,2019,430.3,0.1304,7.87
1604,RUSSIA,2019,2389.47,0.7239,13.06
1605,RWANDA,2019,144.9,0.0439,59.94
1606,SAHARWI A.DM RP,2019,0.0,0.0,-80.18
1607,SAMOA,2019,2.59,0.0008,7.87
1608,SAN MARINO,2019,0.15,0.0,9.03
1609,SAO TOME,2019,1.18,0.0004,33.11
1610,SAUDI ARAB,2019,5561.72,1.685,2.79
1611,SENEGAL,2019,639.24,0.1937,-11.72
1612,SERBIA,2019,72.33,0.0219,22.54
1613,SEYCHELLES,2019,84.49,0.0256,100.86
1614,SIERRA LEONE,2019,112.27,0.034,20.07
1615,SINGAPORE,2019,11572.27,3.5059,13.42
1616,SINT MAARTEN (DUTCH PART),2019,0.0,,
1617,SLOVAK REP,2019,145.96,0.0442,-4.26
1618,SLOVENIA,2019,314.05,0.0951,10.53
1619,SOLOMON IS,2019,2.57,0.0008,100.61
1620,SOMALIA,2019,537.25,0.1628,17.94
1621,SOUTH AFRICA,2019,4067.2,1.2322,6.33
1622,SOUTH SUDAN,2019,10.53,0.0032,197.52
1623,SPAIN,2019,4182.49,1.2671,4.69
1624,SRI LANKA DSR,2019,4710.21,1.427,5.22
1625,ST HELENA,2019,0.02,0.0,188.24
1626,ST KITT N A,2019,2.37,0.0007,-17.49
1627,ST LUCIA,2019,4.01,0.0012,-1.26
1628,ST PIERRE,2019,0.01,0.0,29.9
1629,ST VINCENT,2019,0.73,0.0002,6.78
1630,STATE OF PALEST,2019,1.49,0.0005,9776.73
1631,SUDAN,2019,920.88,0.279,11.93
1632,SURINAME,2019,22.58,0.0068,29.87
1633,SWAZILAND,2019,19.2,0.0058,-41.31
1634,SWEDEN,2019,792.23,0.24,2.69
1635,SWITZERLAND,2019,1186.69,0.3595,9.49
1636,SYRIA,2019,154.59,0.0468,0.83
1637,TAIWAN,2019,2607.21,0.7899,20.89
1638,TAJIKISTAN,2019,22.28,0.0068,-6.95
1639,TANZANIA REP,2019,1704.04,0.5163,5.27
1640,THAILAND,2019,4441.4,1.3456,21.55
1641,TIMOR LESTE,2019,5.26,0.0016,58.62
1642,TOGO,2019,694.09,0.2103,69.84
1643,TOKELAU IS,2019,0.0,0.0,
1644,TONGA,2019,0.35,0.0001,-72.43
1645,TRINIDAD,2019,83.75,0.0254,-5.57
1646,TUNISIA,2019,304.21,0.0922,7.96
1647,TURKEY,2019,5452.45,1.6519,7.11
1648,TURKMENISTAN,2019,45.64,0.0138,-15.96
1649,TURKS C IS,2019,0.26,0.0001,-76.97
1650,TUVALU,2019,0.0,0.0,-96.92
1651,U ARAB EMTS,2019,30126.73,9.1272,7.04
1652,U K,2019,9309.29,2.8203,-3.94
1653,U S A,2019,52406.27,15.8769,9.46
1654,UGANDA,2019,580.08,0.1757,8.98
1655,UKRAINE,2019,390.8,0.1184,18.39
1656,UNION OF SERBIA & MONTENEGRO,2019,0.0,,
1657,UNSPECIFIED,2019,2907.22,0.8808,19.65
1658,URUGUAY,2019,180.99,0.0548,13.51
1659,US MINOR OUTLYING ISLANDS,2019,0.69,0.0002,31.75
1660,UZBEKISTAN,2019,201.41,0.061,51.76
1661,VANUATU REP,2019,1.97,0.0006,-13.2
1662,VATICAN CITY,2019,0.03,0.0,-76.24
1663,VENEZUELA,2019,164.77,0.0499,108.03
1664,VIETNAM SOC REP,2019,6507.38,1.9715,-16.71
1665,VIRGIN IS US,2019,42.5,0.0129,1376.37
1666,WALLIS F IS,2019,0.0,,
1667,YEMEN REPUBLC,2019,741.32,0.2246,31.56
1668,ZAMBIA,2019,319.05,0.0967,8.42
1669,ZIMBABWE,2019,181.72,0.0551,11.12
1670,AFGHANISTAN,2018,709.75,0.2338,NA
1671,ALBANIA,2018,29.34,0.0097,NA
1672,ALGERIA,2018,823.23,0.2712,NA
1673,AMERI SAMOA,2018,0.31,0.0001,NA
1674,ANDORRA,2018,4.75,0.0016,NA
1675,ANGOLA,2018,234.92,0.0774,NA
1676,ANGUILLA,2018,0.5,0.0002,NA
1677,ANTARTICA,2018,0.1,0.0,NA
1678,ANTIGUA,2018,2.17,0.0007,NA
1679,ARGENTINA,2018,708.71,0.2335,NA
1680,ARMENIA,2018,33.27,0.011,NA
1681,ARUBA,2018,6.44,0.0021,NA
1682,AUSTRALIA,2018,4012.32,1.3219,NA
1683,AUSTRIA,2018,460.03,0.1516,NA
1684,AZERBAIJAN,2018,33.68,0.0111,NA
1685,BAHAMAS,2018,8.07,0.0027,NA
1686,BAHARAIN IS,2018,556.82,0.1835,NA
1687,BANGLADESH PR,2018,8614.35,2.8381,NA
1688,BARBADOS,2018,12.74,0.0042,NA
1689,BELARUS,2018,47.58,0.0157,NA
1690,BELGIUM,2018,6206.88,2.0449,NA
1691,BELIZE,2018,13.48,0.0044,NA
1692,BENIN,2018,479.72,0.1581,NA
1693,BERMUDA,2018,3.12,0.001,NA
1694,BHUTAN,2018,546.12,0.1799,NA
1695,BOLIVIA,2018,105.19,0.0347,NA
1696,BOSNIA-HRZGOVIN,2018,15.37,0.0051,NA
1697,BOTSWANA,2018,108.58,0.0358,NA
1698,BR VIRGN IS,2018,0.76,0.0003,NA
1699,BRAZIL,2018,3063.49,1.0093,NA
1700,BRUNEI,2018,63.19,0.0208,NA
1701,BULGARIA,2018,173.24,0.0571,NA
1702,BURKINA FASO,2018,148.35,0.0489,NA
1703,BURUNDI,2018,38.09,0.0125,NA
1704,C AFRI REP,2018,29.92,0.0099,NA
1705,CAMBODIA,2018,121.41,0.04,NA
1706,CAMEROON,2018,193.94,0.0639,NA
1707,CANADA,2018,2506.15,0.8257,NA
1708,CAPE VERDE IS,2018,1.48,0.0005,NA
1709,CAYMAN IS,2018,4.02,0.0013,NA
1710,CHAD,2018,27.29,0.009,NA
1711,CHILE,2018,763.56,0.2516,NA
1712,CHINA P RP,2018,13333.53,4.3929,NA
1713,COLOMBIA,2018,939.14,0.3094,NA
1714,COMOROS,2018,29.62,0.0098,NA
1715,CONGO D. REP.,2018,225.07,0.0742,NA
1716,CONGO P REP,2018,116.69,0.0384,NA
1717,COOK IS,2018,0.18,0.0001,NA
1718,COSTA RICA,2018,133.57,0.044,NA
1719,COTE D' IVOIRE,2018,511.75,0.1686,NA
1720,CROATIA,2018,168.68,0.0556,NA
1721,CUBA,2018,41.8,0.0138,NA
1722,CURACAO,2018,0.0,0.0,NA
1723,CYPRUS,2018,99.91,0.0329,NA
1724,CZECH REPUBLIC,2018,405.36,0.1335,NA
1725,DENMARK,2018,784.1,0.2583,NA
1726,DJIBOUTI,2018,376.46,0.124,NA
1727,DOMINIC REP,2018,196.92,0.0649,NA
1728,DOMINICA,2018,2.1,0.0007,NA
1729,ECUADOR,2018,279.8,0.0922,NA
1730,EGYPT A RP,2018,2392.34,0.7882,NA
1731,EL SALVADOR,2018,69.45,0.0229,NA
1732,EQUTL GUINEA,2018,10.77,0.0035,NA
1733,ERITREA,2018,7.43,0.0024,NA
1734,ESTONIA,2018,80.33,0.0265,NA
1735,ETHIOPIA,2018,683.88,0.2253,NA
1736,FALKLAND IS,2018,0.0,,NA
1737,FAROE IS.,2018,0.3,0.0001,NA
1738,FIJI IS,2018,54.24,0.0179,NA
1739,FINLAND,2018,282.55,0.0931,NA
1740,FR GUIANA,2018,2.18,0.0007,NA
1741,FR POLYNESIA,2018,6.36,0.0021,NA
1742,FRANCE,2018,4900.27,1.6144,NA
1743,GABON,2018,45.08,0.0149,NA
1744,GAMBIA,2018,120.23,0.0396,NA
1745,GEORGIA,2018,77.27,0.0255,NA
1746,GERMANY,2018,8687.8,2.8623,NA
1747,GHANA,2018,635.78,0.2095,NA
1748,GIBRALTAR,2018,290.68,0.0958,NA
1749,GREECE,2018,433.87,0.1429,NA
1750,GREENLAND,2018,0.01,0.0,NA
1751,GRENADA,2018,2.64,0.0009,NA
1752,GUADELOUPE,2018,5.35,0.0018,NA
1753,GUAM,2018,0.88,0.0003,NA
1754,GUATEMALA,2018,291.93,0.0962,NA
1755,GUERNSEY,2018,0.03,0.0,NA
1756,GUINEA,2018,377.94,0.1245,NA
1757,GUINEA BISSAU,2018,10.68,0.0035,NA
1758,GUYANA,2018,26.03,0.0086,NA
1759,HAITI,2018,94.01,0.031,NA
1760,HEARD MACDONALD,2018,0.04,0.0,NA
1761,HONDURAS,2018,146.17,0.0482,NA
1762,HONG KONG,2018,14690.27,4.8399,NA
1763,HUNGARY,2018,402.69,0.1327,NA
1764,ICELAND,2018,5.9,0.0019,NA
1765,INDONESIA,2018,3963.77,1.3059,NA
1766,INSTALLATIONS IN INTERNATIONAL WATERS,2018,34.78,0.0115,NA
1767,IRAN,2018,2652.37,0.8739,NA
1768,IRAQ,2018,1462.23,0.4817,NA
1769,IRELAND,2018,536.08,0.1766,NA
1770,ISRAEL,2018,3364.05,1.1083,NA
1771,ITALY,2018,5709.85,1.8812,NA
1772,JAMAICA,2018,52.24,0.0172,NA
1773,JAPAN,2018,4734.22,1.5597,NA
1774,JERSEY,2018,0.0,0.0,NA
1775,JORDAN,2018,540.82,0.1782,NA
1776,KAZAKHSTAN,2018,125.37,0.0413,NA
1777,KENYA,2018,1974.57,0.6505,NA
1778,KIRIBATI REP,2018,0.55,0.0002,NA
1779,KOREA DP RP,2018,57.55,0.019,NA
1780,KOREA RP,2018,4460.98,1.4697,NA
1781,KUWAIT,2018,1365.66,0.4499,NA
1782,KYRGHYZSTAN,2018,28.59,0.0094,NA
1783,LAO PD RP,2018,25.0,0.0082,NA
1784,LATVIA,2018,112.22,0.037,NA
1785,LEBANON,2018,257.1,0.0847,NA
1786,LESOTHO,2018,31.59,0.0104,NA
1787,LIBERIA,2018,257.46,0.0848,NA
1788,LIBYA,2018,121.96,0.0402,NA
1789,LIECHTENSTEIN,2018,2.8,0.0009,NA
1790,LITHUANIA,2018,103.84,0.0342,NA
1791,LUXEMBOURG,2018,11.39,0.0038,NA
1792,MACAO,2018,13.89,0.0046,NA
1793,MACEDONIA,2018,17.38,0.0057,NA
1794,MADAGASCAR,2018,228.11,0.0752,NA
1795,MALAWI,2018,199.6,0.0658,NA
1796,MALAYSIA,2018,5701.56,1.8784,NA
1797,MALDIVES,2018,217.0,0.0715,NA
1798,MALI,2018,123.6,0.0407,NA
1799,MALTA,2018,195.86,0.0645,NA
1800,MARSHALL ISLAND,2018,14.0,0.0046,NA
1801,MARTINIQUE,2018,4.42,0.0015,NA
1802,MAURITANIA,2018,83.16,0.0274,NA
1803,MAURITIUS,2018,1077.15,0.3549,NA
1804,MAYOTTE,2018,0.07,0.0,NA
1805,MEXICO,2018,3782.79,1.2463,NA
1806,MICRONESIA,2018,0.3,0.0001,NA
1807,MOLDOVA,2018,7.14,0.0024,NA
1808,MONACO,2018,1.94,0.0006,NA
1809,MONGOLIA,2018,20.49,0.0067,NA
1810,MONTENEGRO,2018,51.61,0.017,NA
1811,MONTSERRAT,2018,0.02,0.0,NA
1812,MOROCCO,2018,432.32,0.1424,NA
1813,MOZAMBIQUE,2018,900.58,0.2967,NA
1814,MYANMAR,2018,966.19,0.3183,NA
1815,N. MARIANA IS.,2018,0.04,0.0,NA
1816,NAMIBIA,2018,43.87,0.0145,NA
1817,NAURU RP,2018,1.36,0.0004,NA
1818,NEPAL,2018,6612.96,2.1787,NA
1819,NETHERLAND,2018,6261.14,2.0628,NA
1820,NETHERLANDANTIL,2018,38.59,0.0127,NA
1821,NEW CALEDONIA,2018,10.25,0.0034,NA
1822,NEW ZEALAND,2018,352.85,0.1163,NA
1823,NICARAGUA,2018,87.31,0.0288,NA
1824,NIGER,2018,120.21,0.0396,NA
1825,NIGERIA,2018,2254.92,0.7429,NA
1826,NORFOLK IS,2018,0.38,0.0001,NA
1827,NORWAY,2018,359.98,0.1186,NA
1828,OMAN,2018,2439.46,0.8037,NA
1829,PAKISTAN IR,2018,1924.28,0.634,NA
1830,PALAU,2018,0.07,0.0,NA
1831,PANAMA C Z,2018,0.01,0.0,NA
1832,PANAMA REPUBLIC,2018,227.05,0.0748,NA
1833,PAPUA N GNA,2018,41.93,0.0138,NA
1834,PARAGUAY,2018,168.43,0.0555,NA
1835,PERU,2018,760.68,0.2506,NA
1836,PHILIPPINES,2018,1692.83,0.5577,NA
1837,PITCAIRN IS.,2018,0.01,0.0,NA
1838,POLAND,2018,1541.36,0.5078,NA
1839,PORTUGAL,2018,747.32,0.2462,NA
1840,PUERTO RICO,2018,78.05,0.0257,NA
1841,QATAR,2018,1471.88,0.4849,NA
1842,REUNION,2018,46.36,0.0153,NA
1843,ROMANIA,2018,398.9,0.1314,NA
1844,RUSSIA,2018,2113.39,0.6963,NA
1845,RWANDA,2018,90.6,0.0298,NA
1846,SAHARWI A.DM RP,2018,0.01,0.0,NA
1847,SAMOA,2018,2.4,0.0008,NA
1848,SAN MARINO,2018,0.14,0.0,NA
1849,SAO TOME,2018,0.89,0.0003,NA
1850,SAUDI ARAB,2018,5410.7,1.7826,NA
1851,SENEGAL,2018,724.11,0.2386,NA
1852,SERBIA,2018,59.02,0.0194,NA
1853,SEYCHELLES,2018,42.06,0.0139,NA
1854,SIERRA LEONE,2018,93.51,0.0308,NA
1855,SINGAPORE,2018,10202.82,3.3614,NA
1856,SINT MAARTEN (DUTCH PART),2018,0.01,0.0,NA
1857,SLOVAK REP,2018,152.46,0.0502,NA
1858,SLOVENIA,2018,284.13,0.0936,NA
1859,SOLOMON IS,2018,1.28,0.0004,NA
1860,SOMALIA,2018,455.52,0.1501,NA
1861,SOUTH AFRICA,2018,3825.21,1.2603,NA
1862,SOUTH SUDAN,2018,3.54,0.0012,NA
1863,SPAIN,2018,3995.11,1.3162,NA
1864,SRI LANKA DSR,2018,4476.46,1.4748,NA
1865,ST HELENA,2018,0.01,0.0,NA
1866,ST KITT N A,2018,2.87,0.0009,NA
1867,ST LUCIA,2018,4.06,0.0013,NA
1868,ST PIERRE,2018,0.01,0.0,NA
1869,ST VINCENT,2018,0.69,0.0002,NA
1870,STATE OF PALEST,2018,0.02,0.0,NA
1871,SUDAN,2018,822.72,0.2711,NA
1872,SURINAME,2018,17.38,0.0057,NA
1873,SWAZILAND,2018,32.71,0.0108,NA
1874,SWEDEN,2018,771.5,0.2542,NA
1875,SWITZERLAND,2018,1083.84,0.3571,NA
1876,SYRIA,2018,153.32,0.0505,NA
1877,TAIWAN,2018,2156.67,0.7105,NA
1878,TAJIKISTAN,2018,23.94,0.0079,NA
1879,TANZANIA REP,2018,1618.8,0.5333,NA
1880,THAILAND,2018,3653.83,1.2038,NA
1881,TIMOR LESTE,2018,3.32,0.0011,NA
1882,TOGO,2018,408.68,0.1346,NA
1883,TOKELAU IS,2018,0.0,,NA
1884,TONGA,2018,1.26,0.0004,NA
1885,TRINIDAD,2018,88.69,0.0292,NA
1886,TUNISIA,2018,281.77,0.0928,NA
1887,TURKEY,2018,5090.7,1.6772,NA
1888,TURKMENISTAN,2018,54.31,0.0179,NA
1889,TURKS C IS,2018,1.15,0.0004,NA
1890,TUVALU,2018,0.06,0.0,NA
1891,U ARAB EMTS,2018,28146.12,9.273,NA
1892,U K,2018,9691.07,3.1928,NA
1893,U S A,2018,47878.48,15.7741,NA
1894,UGANDA,2018,532.26,0.1754,NA
1895,UKRAINE,2018,330.1,0.1088,NA
1896,UNION OF SERBIA & MONTENEGRO,2018,0.0,0.0,NA
1897,UNSPECIFIED,2018,2429.68,0.8005,NA
1898,URUGUAY,2018,159.45,0.0525,NA
1899,US MINOR OUTLYING ISLANDS,2018,0.52,0.0002,NA
1900,UZBEKISTAN,2018,132.72,0.0437,NA
1901,VANUATU REP,2018,2.27,0.0007,NA
1902,VATICAN CITY,2018,0.11,0.0,NA
1903,VENEZUELA,2018,79.21,0.0261,NA
1904,VIETNAM SOC REP,2018,7813.08,2.5741,NA
1905,VIRGIN IS US,2018,2.88,0.0009,NA
1906,WALLIS F IS,2018,0.05,0.0,NA
1907,YEMEN REPUBLC,2018,563.46,0.1856,NA
1908,ZAMBIA,2018,294.29,0.097,NA
1909,ZIMBABWE,2018,163.54,0.0539,NA
